,"abstract","balance","children","name","label","order","parent","period","weight","cal_parent","level","_OR_"
0,"False",,"['InformazioniGeneraliImpresa', 'StatoPatrimoniale', 'ContiOrdine', 'ContoEconomico']","False",,0,,,1,,0,0
1,"True",,"['TotaleAltriContiOrdine']","AltriContiOrdine","Altri conti d'ordine",4,"ContiOrdine","instant",0,,,283
2,"True",,"['AttivitaFinanziarieNonCostituisconoImmobilizzazioniPartecipazioniImpreseControllate', 'AttivitaFinanziarieNonCostituisconoImmobilizzazioniPartecipazioniImpreseCollegate', 'AttivitaFinanziarieNonCostituisconoImmobilizzazioniPartecipazioniImpreseControllanti', 'AttivitaFinanziarieNonCostituisconoImmobilizzazioniAltrePartecipazioni', 'AttivitaFinanziarieNonCostituisconoImmobilizzazioniAzioniProprie', 'AttivitaFinanziarieNonCostituisconoImmobilizzazioniAltriTitoli', 'TotaleAttivitaFinanziarieNonCostituisconoImmobilizzazioni']","AttivitaFinanziarieNonCostituisconoImmobilizzazioni","III - Attività finanziarie che non costituiscono immobilizzazioni",3,"AttivoCircolante","instant",0,,,112
3,"False","debit","[]","AttivitaFinanziarieNonCostituisconoImmobilizzazioniAltrePartecipazioni","4) altre partecipazioni",4,"AttivitaFinanziarieNonCostituisconoImmobilizzazioni","instant",1,"TotaleAttivitaFinanziarieNonCostituisconoImmobilizzazioni",4,116
4,"False","debit","[]","AttivitaFinanziarieNonCostituisconoImmobilizzazioniAltriTitoli","6) altri titoli.",6,"AttivitaFinanziarieNonCostituisconoImmobilizzazioni","instant",1,"TotaleAttivitaFinanziarieNonCostituisconoImmobilizzazioni",4,119
5,"False","debit","['AttivitaFinanziarieNonCostituisconoImmobilizzazioniAzioniProprieAzioniProprieValoreNominaleComplessivoPerMemoria']","AttivitaFinanziarieNonCostituisconoImmobilizzazioniAzioniProprie","5) azioni proprie",5,"AttivitaFinanziarieNonCostituisconoImmobilizzazioni","instant",1,"TotaleAttivitaFinanziarieNonCostituisconoImmobilizzazioni",4,117
6,"False","debit","[]","AttivitaFinanziarieNonCostituisconoImmobilizzazioniAzioniProprieAzioniProprieValoreNominaleComplessivoPerMemoria","azioni proprie, valore nominale complessivo (per memoria)",1,"AttivitaFinanziarieNonCostituisconoImmobilizzazioniAzioniProprie","instant",0,,,118
7,"False","debit","[]","AttivitaFinanziarieNonCostituisconoImmobilizzazioniPartecipazioniImpreseCollegate","2) partecipazioni in imprese collegate",2,"AttivitaFinanziarieNonCostituisconoImmobilizzazioni","instant",1,"TotaleAttivitaFinanziarieNonCostituisconoImmobilizzazioni",4,114
8,"False","debit","[]","AttivitaFinanziarieNonCostituisconoImmobilizzazioniPartecipazioniImpreseControllanti","3) partecipazioni in imprese controllanti",3,"AttivitaFinanziarieNonCostituisconoImmobilizzazioni","instant",1,"TotaleAttivitaFinanziarieNonCostituisconoImmobilizzazioni",4,115
9,"False","debit","[]","AttivitaFinanziarieNonCostituisconoImmobilizzazioniPartecipazioniImpreseControllate","1) partecipazioni in imprese controllate",1,"AttivitaFinanziarieNonCostituisconoImmobilizzazioni","instant",1,"TotaleAttivitaFinanziarieNonCostituisconoImmobilizzazioni",4,113
10,"True",,"['CreditiVersoSociVersamentiAncoraDovuti', 'Immobilizzazioni', 'AttivoCircolante', 'AttivoRateiRisconti', 'TotaleAttivo']","Attivo","Attivo",1,"StatoPatrimoniale","instant",0,,,22
11,"True",,"['Rimanenze', 'Crediti', 'AttivitaFinanziarieNonCostituisconoImmobilizzazioni', 'DisponibilitaLiquide', 'TotaleAttivoCircolante']","AttivoCircolante","C) Attivo circolante",3,"Attivo","instant",0,,,74
12,"True",,"['AttivoRateiRiscontiRateiRiscontiAttivi', 'AttivoRateiRiscontiDisaggioPrestitiEmessi', 'AttivoRateiRiscontiTotaleRateiRisconti']","AttivoRateiRisconti","D) Ratei e risconti",4,"Attivo","instant",0,,,127
13,"False","debit","[]","AttivoRateiRiscontiDisaggioPrestitiEmessi","Disaggio su prestiti emessi",2,"AttivoRateiRisconti","instant",1,"AttivoRateiRiscontiTotaleRateiRisconti",3,129
14,"False","debit","[]","AttivoRateiRiscontiRateiRiscontiAttivi","Ratei e risconti attivi",1,"AttivoRateiRisconti","instant",1,"AttivoRateiRiscontiTotaleRateiRisconti",3,128
15,"False","debit","[]","AttivoRateiRiscontiTotaleRateiRisconti","Totale ratei e risconti (D)",3,"AttivoRateiRisconti","instant",1,"TotaleAttivo",2,130
16,"True",,"['BeniTerziPressoImpresaMerciContoLavorazione', 'BeniTerziPressoImpresaBeniPressoImpresaTitoloDepositoComodato', 'BeniTerziPressoImpresaBeniPressoImpresaPegnoCauzione', 'BeniTerziPressoImpresaAltro', 'TotaleBeniTerziPressoImpresa']","BeniTerziPressoImpresa","Beni di terzi presso l'impresa",3,"ContiOrdine","instant",0,,,277
17,"False",,"[]","BeniTerziPressoImpresaAltro","altro",4,"BeniTerziPressoImpresa","instant",1,"TotaleBeniTerziPressoImpresa",3,281
18,"False",,"[]","BeniTerziPressoImpresaBeniPressoImpresaPegnoCauzione","beni presso l'impresa in pegno o cauzione",3,"BeniTerziPressoImpresa","instant",1,"TotaleBeniTerziPressoImpresa",3,280
19,"False",,"[]","BeniTerziPressoImpresaBeniPressoImpresaTitoloDepositoComodato","beni presso l'impresa a titolo di deposito o comodato",2,"BeniTerziPressoImpresa","instant",1,"TotaleBeniTerziPressoImpresa",3,279
20,"False",,"[]","BeniTerziPressoImpresaMerciContoLavorazione","merci in conto lavorazione",1,"BeniTerziPressoImpresa","instant",1,"TotaleBeniTerziPressoImpresa",3,278
21,"True",,"['RischiAssuntiImpresa', 'ImpegniAssuntiImpresa', 'BeniTerziPressoImpresa', 'AltriContiOrdine', 'TotaleContiOrdine']","ContiOrdine","Conti d'ordine",0,,"instant",0,,,240
22,"True",,"['ValoreProduzione', 'CostiProduzione', 'DifferenzaValoreCostiProduzione', 'ProventiOneriFinanziari', 'RettificheValoreAttivitaFinanziarie', 'ProventiOneriStraordinari', 'RisultatoPrimaImposte', 'ImposteRedditoEsercizioCorrentiDifferiteAnticipate', 'UtilePerditaEsercizio']","ContoEconomico","Conto economico",0,,"duration",0,,,286
23,"True",,"['CostiProduzioneMateriePrimeSussidiarieConsumoMerci', 'TotaleCostiProduzione', 'CostiProduzioneServizi', 'CostiProduzioneGodimentoBeniTerzi', 'CostiProduzionePersonale', 'CostiProduzioneAmmortamentiSvalutazioni', 'CostiProduzioneVariazioniRimanenzeMateriePrimeSussidiarieConsumoMerci', 'CostiProduzioneAccantonamentiRischi', 'CostiProduzioneAltriAccantonamenti', 'CostiProduzioneOneriDiversiGestione']","CostiProduzione","B) Costi della produzione:",2,"ContoEconomico","duration",0,,,297
24,"False","debit","[]","CostiProduzioneAccantonamentiRischi","12) accantonamenti per rischi",7,"CostiProduzione","duration",1,"TotaleCostiProduzione",5,316
25,"False","debit","[]","CostiProduzioneAltriAccantonamenti","13) altri accantonamenti",8,"CostiProduzione","duration",1,"TotaleCostiProduzione",5,317
26,"True",,"['CostiProduzioneAmmortamentiSvalutazioniAmmortamentoImmobilizzazioniImmateriali', 'CostiProduzioneAmmortamentiSvalutazioniAmmortamentoImmobilizzazioniMateriali', 'CostiProduzioneAmmortamentiSvalutazioniAltreSvalutazioniImmobilizzazioni', 'CostiProduzioneAmmortamentiSvalutazioniSvalutazioniCreditiCompresiAttivoCircolanteDisponibilitaLiquide', 'CostiProduzioneAmmortamentiSvalutazioniTotaleAmmortamentiSvalutazioni']","CostiProduzioneAmmortamentiSvalutazioni","10) ammortamenti e svalutazioni:",5,"CostiProduzione","duration",0,,,309
27,"False","debit","[]","CostiProduzioneAmmortamentiSvalutazioniAltreSvalutazioniImmobilizzazioni","c) altre svalutazioni delle immobilizzazioni",3,"CostiProduzioneAmmortamentiSvalutazioni","duration",1,"CostiProduzioneAmmortamentiSvalutazioniTotaleAmmortamentiSvalutazioni",6,312
28,"False","debit","[]","CostiProduzioneAmmortamentiSvalutazioniAmmortamentoImmobilizzazioniImmateriali","a) ammortamento delle immobilizzazioni immateriali",1,"CostiProduzioneAmmortamentiSvalutazioni","duration",1,"CostiProduzioneAmmortamentiSvalutazioniTotaleAmmortamentiSvalutazioni",6,310
29,"False","debit","[]","CostiProduzioneAmmortamentiSvalutazioniAmmortamentoImmobilizzazioniMateriali","b) ammortamento delle immobilizzazioni materiali",2,"CostiProduzioneAmmortamentiSvalutazioni","duration",1,"CostiProduzioneAmmortamentiSvalutazioniTotaleAmmortamentiSvalutazioni",6,311
30,"False","debit","[]","CostiProduzioneAmmortamentiSvalutazioniSvalutazioniCreditiCompresiAttivoCircolanteDisponibilitaLiquide","d) svalutazioni dei crediti compresi nell'attivo circolante e delle disponibilità liquide",4,"CostiProduzioneAmmortamentiSvalutazioni","duration",1,"CostiProduzioneAmmortamentiSvalutazioniTotaleAmmortamentiSvalutazioni",6,313
31,"False","debit","[]","CostiProduzioneAmmortamentiSvalutazioniTotaleAmmortamentiSvalutazioni","Totale ammortamenti e svalutazioni",5,"CostiProduzioneAmmortamentiSvalutazioni","duration",1,"TotaleCostiProduzione",5,314
32,"False","debit","[]","CostiProduzioneGodimentoBeniTerzi","8) per godimento di beni di terzi",3,"CostiProduzione","duration",1,"TotaleCostiProduzione",5,301
33,"False","debit","[]","CostiProduzioneMateriePrimeSussidiarieConsumoMerci","6) per materie prime, sussidiarie, di consumo e di merci",1,"CostiProduzione","duration",1,"TotaleCostiProduzione",5,298
34,"False","debit","[]","CostiProduzioneOneriDiversiGestione","14) oneri diversi di gestione",9,"CostiProduzione","duration",1,"TotaleCostiProduzione",5,318
35,"True",,"['CostiProduzionePersonaleSalariStipendi', 'CostiProduzionePersonaleOneriSociali', 'CostiProduzionePersonaleTrattamentoFineRapporto', 'CostiProduzionePersonaleTrattamentoQuiescenzaSimili', 'CostiProduzionePersonaleAltriCosti', 'CostiProduzionePersonaleTotaleCostiPersonale']","CostiProduzionePersonale","9) per il personale:",4,"CostiProduzione","duration",0,,,302
36,"False","debit","[]","CostiProduzionePersonaleAltriCosti","e) altri costi",5,"CostiProduzionePersonale","duration",1,"CostiProduzionePersonaleTotaleCostiPersonale",6,307
37,"False","debit","[]","CostiProduzionePersonaleOneriSociali","b) oneri sociali",2,"CostiProduzionePersonale","duration",1,"CostiProduzionePersonaleTotaleCostiPersonale",6,304
38,"False","debit","[]","CostiProduzionePersonaleSalariStipendi","a) salari e stipendi",1,"CostiProduzionePersonale","duration",1,"CostiProduzionePersonaleTotaleCostiPersonale",6,303
39,"False","debit","[]","CostiProduzionePersonaleTotaleCostiPersonale","Totale costi per il personale",6,"CostiProduzionePersonale","duration",1,"TotaleCostiProduzione",5,308
40,"False","debit","[]","CostiProduzionePersonaleTrattamentoFineRapporto","c) trattamento di fine rapporto",3,"CostiProduzionePersonale","duration",1,"CostiProduzionePersonaleTotaleCostiPersonale",6,305
41,"False","debit","[]","CostiProduzionePersonaleTrattamentoQuiescenzaSimili","d) trattamento di quiescenza e simili",4,"CostiProduzionePersonale","duration",1,"CostiProduzionePersonaleTotaleCostiPersonale",6,306
42,"False","debit","[]","CostiProduzioneServizi","7) per servizi",2,"CostiProduzione","duration",1,"TotaleCostiProduzione",5,300
43,"False","debit","[]","CostiProduzioneVariazioniRimanenzeMateriePrimeSussidiarieConsumoMerci","11) variazioni delle rimanenze di materie prime, sussidiarie, di consumo e merci",6,"CostiProduzione","duration",1,"TotaleCostiProduzione",5,315
44,"True",,"['CreditiVersoClienti', 'CreditiVersoImpreseControllate', 'CreditiVersoImpreseCollegate', 'CreditiVersoControllanti', 'CreditiCreditiTributari', 'CreditiImposteAnticipate', 'CreditiVersoAltri', 'TotaleCrediti']","Crediti","II - Crediti",2,"AttivoCircolante","instant",0,,,82
45,"True",,"['CreditiCreditiTributariEsigibiliEntroEsercizioSuccessivo', 'CreditiCreditiTributariEsigibiliOltreEsercizioSuccessivo', 'CreditiCreditiTributariTotaleCreditiTributari']","CreditiCreditiTributari","4-bis) crediti tributari",5,"Crediti","instant",0,,,99
46,"False","debit","[]","CreditiCreditiTributariEsigibiliEntroEsercizioSuccessivo","esigibili entro l'esercizio successivo",1,"CreditiCreditiTributari","instant",1,"CreditiCreditiTributariTotaleCreditiTributari",5,100
47,"False","debit","[]","CreditiCreditiTributariEsigibiliOltreEsercizioSuccessivo","esigibili oltre l'esercizio successivo",2,"CreditiCreditiTributari","instant",1,"CreditiCreditiTributariTotaleCreditiTributari",5,101
48,"False","debit","[]","CreditiCreditiTributariTotaleCreditiTributari","Totale crediti tributari",3,"CreditiCreditiTributari","instant",1,"TotaleCrediti",4,102
49,"True",,"['CreditiImposteAnticipateEsigibiliEntroEsercizioSuccessivo', 'CreditiImposteAnticipateEsigibiliOltreEsercizioSuccessivo', 'CreditiImposteAnticipateTotaleImposteAnticipate']","CreditiImposteAnticipate","4-ter) imposte anticipate",6,"Crediti","instant",0,,,103
50,"False","debit","[]","CreditiImposteAnticipateEsigibiliEntroEsercizioSuccessivo","esigibili entro l'esercizio successivo",1,"CreditiImposteAnticipate","instant",1,"CreditiImposteAnticipateTotaleImposteAnticipate",5,104
51,"False","debit","[]","CreditiImposteAnticipateEsigibiliOltreEsercizioSuccessivo","esigibili oltre l'esercizio successivo",2,"CreditiImposteAnticipate","instant",1,"CreditiImposteAnticipateTotaleImposteAnticipate",5,105
52,"False","debit","[]","CreditiImposteAnticipateTotaleImposteAnticipate","Totale imposte anticipate",3,"CreditiImposteAnticipate","instant",1,"TotaleCrediti",4,106
53,"True",,"['CreditiVersoAltriEsigibiliEntroEsercizioSuccessivo', 'CreditiVersoAltriEsigibiliOltreEsercizioSuccessivo', 'CreditiVersoAltriTotaleCreditiVersoAltri']","CreditiVersoAltri","5) verso altri",7,"Crediti","instant",0,,,107
54,"False","debit","[]","CreditiVersoAltriEsigibiliEntroEsercizioSuccessivo","esigibili entro l'esercizio successivo",1,"CreditiVersoAltri","instant",1,"CreditiVersoAltriTotaleCreditiVersoAltri",5,108
55,"False","debit","[]","CreditiVersoAltriEsigibiliOltreEsercizioSuccessivo","esigibili oltre l'esercizio successivo",2,"CreditiVersoAltri","instant",1,"CreditiVersoAltriTotaleCreditiVersoAltri",5,109
56,"False","debit","[]","CreditiVersoAltriTotaleCreditiVersoAltri","Totale crediti verso altri",3,"CreditiVersoAltri","instant",1,"TotaleCrediti",4,110
57,"True",,"['CreditiVersoClientiEsigibiliEntroEsercizioSuccessivo', 'CreditiVersoClientiEsigibiliOltreEsercizioSuccessivo', 'CreditiVersoClientiTotaleCreditiVersoClienti']","CreditiVersoClienti","1) verso clienti",1,"Crediti","instant",0,,,83
58,"False","debit","[]","CreditiVersoClientiEsigibiliEntroEsercizioSuccessivo","esigibili entro l'esercizio successivo",1,"CreditiVersoClienti","instant",1,"CreditiVersoClientiTotaleCreditiVersoClienti",5,84
59,"False","debit","[]","CreditiVersoClientiEsigibiliOltreEsercizioSuccessivo","esigibili oltre l'esercizio successivo",2,"CreditiVersoClienti","instant",1,"CreditiVersoClientiTotaleCreditiVersoClienti",5,85
60,"False","debit","[]","CreditiVersoClientiTotaleCreditiVersoClienti","Totale crediti verso clienti",3,"CreditiVersoClienti","instant",1,"TotaleCrediti",4,86
61,"True",,"['CreditiVersoControllantiEsigibiliEntroEsercizioSuccessivo', 'CreditiVersoControllantiEsigibiliOltreEsercizioSuccessivo', 'CreditiVersoControllantiTotaleCreditiVersoControllanti']","CreditiVersoControllanti","4) verso controllanti",4,"Crediti","instant",0,,,95
62,"False","debit","[]","CreditiVersoControllantiEsigibiliEntroEsercizioSuccessivo","esigibili entro l'esercizio successivo",1,"CreditiVersoControllanti","instant",1,"CreditiVersoControllantiTotaleCreditiVersoControllanti",5,96
63,"False","debit","[]","CreditiVersoControllantiEsigibiliOltreEsercizioSuccessivo","esigibili oltre l'esercizio successivo",2,"CreditiVersoControllanti","instant",1,"CreditiVersoControllantiTotaleCreditiVersoControllanti",5,97
64,"False","debit","[]","CreditiVersoControllantiTotaleCreditiVersoControllanti","Totale crediti verso controllanti",3,"CreditiVersoControllanti","instant",1,"TotaleCrediti",4,98
65,"True",,"['CreditiVersoImpreseCollegateEsigibiliEntroEsercizioSuccessivo', 'CreditiVersoImpreseCollegateEsigibiliOltreEsercizioSuccessivo', 'CreditiVersoImpreseCollegateTotaleCreditiVersoImpreseCollegate']","CreditiVersoImpreseCollegate","3) verso imprese collegate",3,"Crediti","instant",0,,,91
66,"False","debit","[]","CreditiVersoImpreseCollegateEsigibiliEntroEsercizioSuccessivo","esigibili entro l'esercizio successivo",1,"CreditiVersoImpreseCollegate","instant",1,"CreditiVersoImpreseCollegateTotaleCreditiVersoImpreseCollegate",5,92
67,"False","debit","[]","CreditiVersoImpreseCollegateEsigibiliOltreEsercizioSuccessivo","esigibili oltre l'esercizio successivo",2,"CreditiVersoImpreseCollegate","instant",1,"CreditiVersoImpreseCollegateTotaleCreditiVersoImpreseCollegate",5,93
68,"False","debit","[]","CreditiVersoImpreseCollegateTotaleCreditiVersoImpreseCollegate","Totale crediti verso imprese collegate",3,"CreditiVersoImpreseCollegate","instant",1,"TotaleCrediti",4,94
69,"True",,"['CreditiVersoImpreseControllateEsigibiliEntroEsercizioSuccessivo', 'CreditiVersoImpreseControllateEsigibiliOltreEsercizioSuccessivo', 'CreditiVersoImpreseControllateTotaleCreditiVersoImpreseControllate']","CreditiVersoImpreseControllate","2) verso imprese controllate",2,"Crediti","instant",0,,,87
70,"False","debit","[]","CreditiVersoImpreseControllateEsigibiliEntroEsercizioSuccessivo","esigibili entro l'esercizio successivo",1,"CreditiVersoImpreseControllate","instant",1,"CreditiVersoImpreseControllateTotaleCreditiVersoImpreseControllate",5,88
71,"False","debit","[]","CreditiVersoImpreseControllateEsigibiliOltreEsercizioSuccessivo","esigibili oltre l'esercizio successivo",2,"CreditiVersoImpreseControllate","instant",1,"CreditiVersoImpreseControllateTotaleCreditiVersoImpreseControllate",5,89
72,"False","debit","[]","CreditiVersoImpreseControllateTotaleCreditiVersoImpreseControllate","Totale crediti verso imprese controllate",3,"CreditiVersoImpreseControllate","instant",1,"TotaleCrediti",4,90
73,"True",,"['CreditiVersoSociVersamentiAncoraDovutiParteRichiamata', 'CreditiVersoSociVersamentiAncoraDovutiParteRichiamare', 'TotaleCreditiVersoSociVersamentiAncoraDovuti']","CreditiVersoSociVersamentiAncoraDovuti","A) Crediti verso soci per versamenti ancora dovuti",1,"Attivo","instant",0,,,23
74,"False","debit","[]","CreditiVersoSociVersamentiAncoraDovutiParteRichiamare","Parte da richiamare",2,"CreditiVersoSociVersamentiAncoraDovuti","instant",1,"TotaleCreditiVersoSociVersamentiAncoraDovuti",3,25
75,"False","debit","[]","CreditiVersoSociVersamentiAncoraDovutiParteRichiamata","Parte richiamata",1,"CreditiVersoSociVersamentiAncoraDovuti","instant",1,"TotaleCreditiVersoSociVersamentiAncoraDovuti",3,24
76,"True",,"['DatiAnagraficiDenominazione', 'DatiAnagraficiSettoreAttivitaPrevalenteAteco', 'DatiAnagraficiSocietaLiquidazione', 'DatiAnagraficiSocietaConSocioUnico', 'DatiAnagraficiSocietaSottopostaAltruiAttivitaDirezioneCoordinamento', 'DatiAnagraficiDenominazioneSocietaEnteEsercitaAttivitaDirezioneCoordinamento', 'DatiAnagraficiAppartenenzaGruppo', 'DatiAnagraficiDenominazioneSocietaCapogruppo', 'DatiAnagraficiPaeseCapogruppo', 'DatiAnagraficiNumeroIscrizioneAlboCooperative', 'DatiAnagraficiSede', 'DatiAnagraficiCapitaleSociale', 'DatiAnagraficiCapitaleSocialeInteramenteVersato', 'DatiAnagraficiCodiceCciaa', 'DatiAnagraficiPartitaIva', 'DatiAnagraficiCodiceFiscale', 'DatiAnagraficiNumeroRea', 'DatiAnagraficiFormaGiuridica']","DatiAnagrafici","Dati anagrafici",1,"InformazioniGeneraliImpresa","instant",0,,,2
77,"False",,"[]","DatiAnagraficiAppartenenzaGruppo","appartenenza a un gruppo",15,"DatiAnagrafici","instant",0,,,9
78,"False",,"[]","DatiAnagraficiCapitaleSociale","capitale sociale",3,"DatiAnagrafici","instant",0,,,14
79,"False",,"[]","DatiAnagraficiCapitaleSocialeInteramenteVersato","capitale sociale interamente versato",4,"DatiAnagrafici","instant",0,,,15
80,"False",,"[]","DatiAnagraficiCodiceCciaa","codice CCIAA",5,"DatiAnagrafici","instant",0,,,16
81,"False",,"[]","DatiAnagraficiCodiceFiscale","codice fiscale",7,"DatiAnagrafici","instant",0,,,18
82,"False",,"[]","DatiAnagraficiDenominazione","denominazione",1,"DatiAnagrafici","instant",0,,,3
83,"False",,"[]","DatiAnagraficiDenominazioneSocietaCapogruppo","denominazione della società capogruppo",16,"DatiAnagrafici","instant",0,,,10
84,"False",,"[]","DatiAnagraficiDenominazioneSocietaEnteEsercitaAttivitaDirezioneCoordinamento","denominazione della società o ente che esercita l'attività di direzione e coordinamento",14,"DatiAnagrafici","instant",0,,,8
85,"False",,"[]","DatiAnagraficiFormaGiuridica","forma giuridica",9,"DatiAnagrafici","instant",0,,,20
86,"False",,"[]","DatiAnagraficiNumeroIscrizioneAlboCooperative","numero di iscrizione all'albo delle cooperative",18,"DatiAnagrafici","instant",0,,,12
87,"False",,"[]","DatiAnagraficiNumeroRea","numero REA",8,"DatiAnagrafici","instant",0,,,19
88,"False",,"[]","DatiAnagraficiPaeseCapogruppo","paese della capogruppo",17,"DatiAnagrafici","instant",0,,,11
89,"False",,"[]","DatiAnagraficiPartitaIva","partita IVA",6,"DatiAnagrafici","instant",0,,,17
90,"False",,"[]","DatiAnagraficiSede","sede",2,"DatiAnagrafici","instant",0,,,13
91,"False",,"[]","DatiAnagraficiSettoreAttivitaPrevalenteAteco","settore di attività prevalente (ATECO)",10,"DatiAnagrafici","instant",0,,,4
92,"False",,"[]","DatiAnagraficiSocietaConSocioUnico","società con socio unico",12,"DatiAnagrafici","instant",0,,,6
93,"False",,"[]","DatiAnagraficiSocietaLiquidazione","società in liquidazione",11,"DatiAnagrafici","instant",0,,,5
94,"False",,"[]","DatiAnagraficiSocietaSottopostaAltruiAttivitaDirezioneCoordinamento","società sottoposta ad altrui attività di direzione e coordinamento",13,"DatiAnagrafici","instant",0,,,7
95,"True",,"['DebitiObbligazioni', 'DebitiDebitiVersoImpreseCollegate', 'DebitiDebitiVersoControllanti', 'DebitiDebitiTributari', 'DebitiDebitiVersoIstitutiPrevidenzaSicurezzaSociale', 'DebitiAltriDebiti', 'TotaleDebiti', 'DebitiObbligazioniConvertibili', 'DebitiDebitiVersoSociFinanziamenti', 'DebitiDebitiVersoBanche', 'DebitiDebitiVersoAltriFinanziatori', 'DebitiAcconti', 'DebitiDebitiVersoFornitori', 'DebitiDebitiRappresentatiTitoliCredito', 'DebitiDebitiVersoImpreseControllate']","Debiti","D) Debiti",4,"Passivo","instant",0,,,177
96,"True",,"['DebitiAccontiEsigibiliEntroEsercizioSuccessivo', 'DebitiAccontiEsigibiliOltreEsercizioSuccessivo', 'DebitiAccontiTotaleAcconti']","DebitiAcconti","6) acconti",6,"Debiti","instant",0,,,219
97,"False","credit","[]","DebitiAccontiEsigibiliEntroEsercizioSuccessivo","esigibili entro l'esercizio successivo",1,"DebitiAcconti","instant",1,"DebitiAccontiTotaleAcconti",4,220
98,"False","credit","[]","DebitiAccontiEsigibiliOltreEsercizioSuccessivo","esigibili oltre l'esercizio successivo",2,"DebitiAcconti","instant",1,"DebitiAccontiTotaleAcconti",4,221
99,"False","credit","[]","DebitiAccontiTotaleAcconti","Totale acconti",3,"DebitiAcconti","instant",1,"TotaleDebiti",3,222
100,"True",,"['DebitiAltriDebitiEsigibiliEntroEsercizioSuccessivo', 'DebitiAltriDebitiEsigibiliOltreEsercizioSuccessivo', 'DebitiAltriDebitiTotaleAltriDebiti']","DebitiAltriDebiti","14) altri debiti",14,"Debiti","instant",0,,,198
101,"False","credit","[]","DebitiAltriDebitiEsigibiliEntroEsercizioSuccessivo","esigibili entro l'esercizio successivo",1,"DebitiAltriDebiti","instant",1,"DebitiAltriDebitiTotaleAltriDebiti",4,199
102,"False","credit","[]","DebitiAltriDebitiEsigibiliOltreEsercizioSuccessivo","esigibili oltre l'esercizio successivo",2,"DebitiAltriDebiti","instant",1,"DebitiAltriDebitiTotaleAltriDebiti",4,200
103,"False","credit","[]","DebitiAltriDebitiTotaleAltriDebiti","Totale altri debiti",3,"DebitiAltriDebiti","instant",1,"TotaleDebiti",3,201
104,"True",,"['DebitiDebitiRappresentatiTitoliCreditoEsigibiliEntroEsercizioSuccessivo', 'DebitiDebitiRappresentatiTitoliCreditoEsigibiliOltreEsercizioSuccessivo', 'DebitiDebitiRappresentatiTitoliCreditoTotaleDebitiRappresentatiTitoliCredito']","DebitiDebitiRappresentatiTitoliCredito","8) debiti rappresentati da titoli di credito",8,"Debiti","instant",0,,,227
105,"False","credit","[]","DebitiDebitiRappresentatiTitoliCreditoEsigibiliEntroEsercizioSuccessivo","esigibili entro l'esercizio successivo",1,"DebitiDebitiRappresentatiTitoliCredito","instant",1,"DebitiDebitiRappresentatiTitoliCreditoTotaleDebitiRappresentatiTitoliCredito",4,228
106,"False","credit","[]","DebitiDebitiRappresentatiTitoliCreditoEsigibiliOltreEsercizioSuccessivo","esigibili oltre l'esercizio successivo",2,"DebitiDebitiRappresentatiTitoliCredito","instant",1,"DebitiDebitiRappresentatiTitoliCreditoTotaleDebitiRappresentatiTitoliCredito",4,229
107,"False","credit","[]","DebitiDebitiRappresentatiTitoliCreditoTotaleDebitiRappresentatiTitoliCredito","Totale debiti rappresentati da titoli di credito",3,"DebitiDebitiRappresentatiTitoliCredito","instant",1,"TotaleDebiti",3,230
108,"True",,"['DebitiDebitiTributariEsigibiliEntroEsercizioSuccessivo', 'DebitiDebitiTributariEsigibiliOltreEsercizioSuccessivo', 'DebitiDebitiTributariTotaleDebitiTributari']","DebitiDebitiTributari","12) debiti tributari",12,"Debiti","instant",0,,,190
109,"False","credit","[]","DebitiDebitiTributariEsigibiliEntroEsercizioSuccessivo","esigibili entro l'esercizio successivo",1,"DebitiDebitiTributari","instant",1,"DebitiDebitiTributariTotaleDebitiTributari",4,191
110,"False","credit","[]","DebitiDebitiTributariEsigibiliOltreEsercizioSuccessivo","esigibili oltre l'esercizio successivo",2,"DebitiDebitiTributari","instant",1,"DebitiDebitiTributariTotaleDebitiTributari",4,192
111,"False","credit","[]","DebitiDebitiTributariTotaleDebitiTributari","Totale debiti tributari",3,"DebitiDebitiTributari","instant",1,"TotaleDebiti",3,193
112,"True",,"['DebitiDebitiVersoAltriFinanziatoriEsigibiliEntroEsercizioSuccessivo', 'DebitiDebitiVersoAltriFinanziatoriEsigibiliOltreEsercizioSuccessivo', 'DebitiDebitiVersoAltriFinanziatoriTotaleDebitiVersoAltriFinanziatori']","DebitiDebitiVersoAltriFinanziatori","5) debiti verso altri finanziatori",5,"Debiti","instant",0,,,215
113,"False","credit","[]","DebitiDebitiVersoAltriFinanziatoriEsigibiliEntroEsercizioSuccessivo","esigibili entro l'esercizio successivo",1,"DebitiDebitiVersoAltriFinanziatori","instant",1,"DebitiDebitiVersoAltriFinanziatoriTotaleDebitiVersoAltriFinanziatori",4,216
114,"False","credit","[]","DebitiDebitiVersoAltriFinanziatoriEsigibiliOltreEsercizioSuccessivo","esigibili oltre l'esercizio successivo",2,"DebitiDebitiVersoAltriFinanziatori","instant",1,"DebitiDebitiVersoAltriFinanziatoriTotaleDebitiVersoAltriFinanziatori",4,217
115,"False","credit","[]","DebitiDebitiVersoAltriFinanziatoriTotaleDebitiVersoAltriFinanziatori","Totale debiti verso altri finanziatori",3,"DebitiDebitiVersoAltriFinanziatori","instant",1,"TotaleDebiti",3,218
116,"True",,"['DebitiDebitiVersoBancheEsigibiliEntroEsercizioSuccessivo', 'DebitiDebitiVersoBancheEsigibiliOltreEsercizioSuccessivo', 'DebitiDebitiVersoBancheTotaleDebitiVersoBanche']","DebitiDebitiVersoBanche","4) debiti verso banche",4,"Debiti","instant",0,,,211
117,"False","credit","[]","DebitiDebitiVersoBancheEsigibiliEntroEsercizioSuccessivo","esigibili entro l'esercizio successivo",1,"DebitiDebitiVersoBanche","instant",1,"DebitiDebitiVersoBancheTotaleDebitiVersoBanche",4,212
118,"False","credit","[]","DebitiDebitiVersoBancheEsigibiliOltreEsercizioSuccessivo","esigibili oltre l'esercizio successivo",2,"DebitiDebitiVersoBanche","instant",1,"DebitiDebitiVersoBancheTotaleDebitiVersoBanche",4,213
119,"False","credit","[]","DebitiDebitiVersoBancheTotaleDebitiVersoBanche","Totale debiti verso banche",3,"DebitiDebitiVersoBanche","instant",1,"TotaleDebiti",3,214
120,"True",,"['DebitiDebitiVersoControllantiEsigibiliEntroEsercizioSuccessivo', 'DebitiDebitiVersoControllantiEsigibiliOltreEsercizioSuccessivo', 'DebitiDebitiVersoControllantiTotaleDebitiVersoControllanti']","DebitiDebitiVersoControllanti","11) debiti verso controllanti",11,"Debiti","instant",0,,,186
121,"False","credit","[]","DebitiDebitiVersoControllantiEsigibiliEntroEsercizioSuccessivo","esigibili entro l'esercizio successivo",1,"DebitiDebitiVersoControllanti","instant",1,"DebitiDebitiVersoControllantiTotaleDebitiVersoControllanti",4,187
122,"False","credit","[]","DebitiDebitiVersoControllantiEsigibiliOltreEsercizioSuccessivo","esigibili oltre l'esercizio successivo",2,"DebitiDebitiVersoControllanti","instant",1,"DebitiDebitiVersoControllantiTotaleDebitiVersoControllanti",4,188
123,"False","credit","[]","DebitiDebitiVersoControllantiTotaleDebitiVersoControllanti","Totale debiti verso controllanti",3,"DebitiDebitiVersoControllanti","instant",1,"TotaleDebiti",3,189
124,"True",,"['DebitiDebitiVersoFornitoriEsigibiliEntroEsercizioSuccessivo', 'DebitiDebitiVersoFornitoriEsigibiliOltreEsercizioSuccessivo', 'DebitiDebitiVersoFornitoriTotaleDebitiVersoFornitori']","DebitiDebitiVersoFornitori","7) debiti verso fornitori",7,"Debiti","instant",0,,,223
125,"False","credit","[]","DebitiDebitiVersoFornitoriEsigibiliEntroEsercizioSuccessivo","esigibili entro l'esercizio successivo",1,"DebitiDebitiVersoFornitori","instant",1,"DebitiDebitiVersoFornitoriTotaleDebitiVersoFornitori",4,224
126,"False","credit","[]","DebitiDebitiVersoFornitoriEsigibiliOltreEsercizioSuccessivo","esigibili oltre l'esercizio successivo",2,"DebitiDebitiVersoFornitori","instant",1,"DebitiDebitiVersoFornitoriTotaleDebitiVersoFornitori",4,225
127,"False","credit","[]","DebitiDebitiVersoFornitoriTotaleDebitiVersoFornitori","Totale debiti verso fornitori",3,"DebitiDebitiVersoFornitori","instant",1,"TotaleDebiti",3,226
128,"True",,"['DebitiDebitiVersoImpreseCollegateEsigibiliEntroEsercizioSuccessivo', 'DebitiDebitiVersoImpreseCollegateEsigibiliOltreEsercizioSuccessivo', 'DebitiDebitiVersoImpreseCollegateTotaleDebitiVersoImpreseCollegate']","DebitiDebitiVersoImpreseCollegate","10) debiti verso imprese collegate",10,"Debiti","instant",0,,,182
129,"False","credit","[]","DebitiDebitiVersoImpreseCollegateEsigibiliEntroEsercizioSuccessivo","esigibili entro l'esercizio successivo",1,"DebitiDebitiVersoImpreseCollegate","instant",1,"DebitiDebitiVersoImpreseCollegateTotaleDebitiVersoImpreseCollegate",4,183
130,"False","credit","[]","DebitiDebitiVersoImpreseCollegateEsigibiliOltreEsercizioSuccessivo","esigibili oltre l'esercizio successivo",2,"DebitiDebitiVersoImpreseCollegate","instant",1,"DebitiDebitiVersoImpreseCollegateTotaleDebitiVersoImpreseCollegate",4,184
131,"False","credit","[]","DebitiDebitiVersoImpreseCollegateTotaleDebitiVersoImpreseCollegate","Totale debiti verso imprese collegate",3,"DebitiDebitiVersoImpreseCollegate","instant",1,"TotaleDebiti",3,185
132,"True",,"['DebitiDebitiVersoImpreseControllateEsigibiliEntroEsercizioSuccessivo', 'DebitiDebitiVersoImpreseControllateEsigibiliOltreEsercizioSuccessivo', 'DebitiDebitiVersoImpreseControllateTotaleDebitiVersoImpreseControllate']","DebitiDebitiVersoImpreseControllate","9) debiti verso imprese controllate",9,"Debiti","instant",0,,,231
133,"False","credit","[]","DebitiDebitiVersoImpreseControllateEsigibiliEntroEsercizioSuccessivo","esigibili entro l'esercizio successivo",1,"DebitiDebitiVersoImpreseControllate","instant",1,"DebitiDebitiVersoImpreseControllateTotaleDebitiVersoImpreseControllate",4,232
134,"False","credit","[]","DebitiDebitiVersoImpreseControllateEsigibiliOltreEsercizioSuccessivo","esigibili oltre l'esercizio successivo",2,"DebitiDebitiVersoImpreseControllate","instant",1,"DebitiDebitiVersoImpreseControllateTotaleDebitiVersoImpreseControllate",4,233
135,"False","credit","[]","DebitiDebitiVersoImpreseControllateTotaleDebitiVersoImpreseControllate","Totale debiti verso imprese controllate",3,"DebitiDebitiVersoImpreseControllate","instant",1,"TotaleDebiti",3,234
136,"True",,"['DebitiDebitiVersoIstitutiPrevidenzaSicurezzaSocialeEsigibiliEntroEsercizioSuccessivo', 'DebitiDebitiVersoIstitutiPrevidenzaSicurezzaSocialeEsigibiliOltreEsercizioSuccessivo', 'DebitiDebitiVersoIstitutiPrevidenzaSicurezzaSocialeTotaleDebitiVersoIstitutiPrevidenzaSicurezzaSociale']","DebitiDebitiVersoIstitutiPrevidenzaSicurezzaSociale","13) debiti verso istituti di previdenza e di sicurezza sociale",13,"Debiti","instant",0,,,194
137,"False","credit","[]","DebitiDebitiVersoIstitutiPrevidenzaSicurezzaSocialeEsigibiliEntroEsercizioSuccessivo","esigibili entro l'esercizio successivo",1,"DebitiDebitiVersoIstitutiPrevidenzaSicurezzaSociale","instant",1,"DebitiDebitiVersoIstitutiPrevidenzaSicurezzaSocialeTotaleDebitiVersoIstitutiPrevidenzaSicurezzaSociale",4,195
138,"False","credit","[]","DebitiDebitiVersoIstitutiPrevidenzaSicurezzaSocialeEsigibiliOltreEsercizioSuccessivo","esigibili oltre l'esercizio successivo",2,"DebitiDebitiVersoIstitutiPrevidenzaSicurezzaSociale","instant",1,"DebitiDebitiVersoIstitutiPrevidenzaSicurezzaSocialeTotaleDebitiVersoIstitutiPrevidenzaSicurezzaSociale",4,196
139,"False","credit","[]","DebitiDebitiVersoIstitutiPrevidenzaSicurezzaSocialeTotaleDebitiVersoIstitutiPrevidenzaSicurezzaSociale","Totale debiti verso istituti di previdenza e di sicurezza sociale",3,"DebitiDebitiVersoIstitutiPrevidenzaSicurezzaSociale","instant",1,"TotaleDebiti",3,197
140,"True",,"['DebitiDebitiVersoSociFinanziamentiEsigibiliEntroEsercizioSuccessivo', 'DebitiDebitiVersoSociFinanziamentiEsigibiliOltreEsercizioSuccessivo', 'DebitiDebitiVersoSociFinanziamentiTotaleDebitiVersoSociFinanziamenti']","DebitiDebitiVersoSociFinanziamenti","3) debiti verso soci per finanziamenti",3,"Debiti","instant",0,,,207
141,"False","credit","[]","DebitiDebitiVersoSociFinanziamentiEsigibiliEntroEsercizioSuccessivo","esigibili entro l'esercizio successivo",1,"DebitiDebitiVersoSociFinanziamenti","instant",1,"DebitiDebitiVersoSociFinanziamentiTotaleDebitiVersoSociFinanziamenti",4,208
142,"False","credit","[]","DebitiDebitiVersoSociFinanziamentiEsigibiliOltreEsercizioSuccessivo","esigibili oltre l'esercizio successivo",2,"DebitiDebitiVersoSociFinanziamenti","instant",1,"DebitiDebitiVersoSociFinanziamentiTotaleDebitiVersoSociFinanziamenti",4,209
143,"False","credit","[]","DebitiDebitiVersoSociFinanziamentiTotaleDebitiVersoSociFinanziamenti","Totale debiti verso soci per finanziamenti",3,"DebitiDebitiVersoSociFinanziamenti","instant",1,"TotaleDebiti",3,210
144,"True",,"['DebitiObbligazioniEsigibiliEntroEsercizioSuccessivo', 'DebitiObbligazioniEsigibiliOltreEsercizioSuccessivo', 'DebitiObbligazioniTotaleObbligazioni']","DebitiObbligazioni","1) obbligazioni",1,"Debiti","instant",0,,,178
145,"True",,"['DebitiObbligazioniConvertibiliEsigibiliEntroEsercizioSuccessivo', 'DebitiObbligazioniConvertibiliEsigibiliOltreEsercizioSuccessivo', 'DebitiObbligazioniConvertibiliTotaleObbligazioniConvertibili']","DebitiObbligazioniConvertibili","2) obbligazioni convertibili",2,"Debiti","instant",0,,,203
146,"False","credit","[]","DebitiObbligazioniConvertibiliEsigibiliEntroEsercizioSuccessivo","esigibili entro l'esercizio successivo",1,"DebitiObbligazioniConvertibili","instant",1,"DebitiObbligazioniConvertibiliTotaleObbligazioniConvertibili",4,204
147,"False","credit","[]","DebitiObbligazioniConvertibiliEsigibiliOltreEsercizioSuccessivo","esigibili oltre l'esercizio successivo",2,"DebitiObbligazioniConvertibili","instant",1,"DebitiObbligazioniConvertibiliTotaleObbligazioniConvertibili",4,205
148,"False","credit","[]","DebitiObbligazioniConvertibiliTotaleObbligazioniConvertibili","Totale obbligazioni convertibili",3,"DebitiObbligazioniConvertibili","instant",1,"TotaleDebiti",3,206
149,"False","credit","[]","DebitiObbligazioniEsigibiliEntroEsercizioSuccessivo","esigibili entro l'esercizio successivo",1,"DebitiObbligazioni","instant",1,"DebitiObbligazioniTotaleObbligazioni",4,179
150,"False","credit","[]","DebitiObbligazioniEsigibiliOltreEsercizioSuccessivo","esigibili oltre l'esercizio successivo",2,"DebitiObbligazioni","instant",1,"DebitiObbligazioniTotaleObbligazioni",4,180
151,"False","credit","[]","DebitiObbligazioniTotaleObbligazioni","Totale obbligazioni",3,"DebitiObbligazioni","instant",1,"TotaleDebiti",3,181
152,"False","credit","[]","DifferenzaValoreCostiProduzione","Differenza tra valore e costi della produzione (A - B)",3,"ContoEconomico","duration",1,"RisultatoPrimaImposte",3,319
153,"True",,"['DisponibilitaLiquideDepositiBancariPostali', 'DisponibilitaLiquideAssegni', 'DisponibilitaLiquideDanaroValoriCassa', 'TotaleDisponibilitaLiquide']","DisponibilitaLiquide","IV - Disponibilità liquide",4,"AttivoCircolante","instant",0,,,121
154,"False","debit","[]","DisponibilitaLiquideAssegni","2) assegni",2,"DisponibilitaLiquide","instant",1,"TotaleDisponibilitaLiquide",4,123
155,"False","debit","[]","DisponibilitaLiquideDanaroValoriCassa","3) danaro e valori in cassa.",3,"DisponibilitaLiquide","instant",1,"TotaleDisponibilitaLiquide",4,124
156,"False","debit","[]","DisponibilitaLiquideDepositiBancariPostali","1) depositi bancari e postali",1,"DisponibilitaLiquide","instant",1,"TotaleDisponibilitaLiquide",4,122
157,"True",,"['FondiRischiOneriTrattamentoQuiescenzaObblighiSimili', 'FondiRischiOneriImposteAncheDifferite', 'FondiRischiOneriAltri', 'TotaleFondiRischiOneri']","FondiRischiOneri","B) Fondi per rischi e oneri",2,"Passivo","instant",0,,,171
158,"False","credit","[]","FondiRischiOneriAltri","3) altri",3,"FondiRischiOneri","instant",1,"TotaleFondiRischiOneri",3,174
159,"False","credit","[]","FondiRischiOneriImposteAncheDifferite","2) per imposte, anche differite",2,"FondiRischiOneri","instant",1,"TotaleFondiRischiOneri",3,173
160,"False","credit","[]","FondiRischiOneriTrattamentoQuiescenzaObblighiSimili","1) per trattamento di quiescenza e obblighi simili",1,"FondiRischiOneri","instant",1,"TotaleFondiRischiOneri",3,172
161,"True",,"['ImmobilizzazioniImmateriali', 'ImmobilizzazioniMateriali', 'ImmobilizzazioniFinanziarie', 'TotaleImmobilizzazioni']","Immobilizzazioni","B) Immobilizzazioni",2,"Attivo","instant",0,,,27
162,"True",,"['ImmobilizzazioniFinanziariePartecipazioni', 'ImmobilizzazioniFinanziarieCrediti', 'ImmobilizzazioniFinanziarieAltriTitoli', 'ImmobilizzazioniFinanziarieAzioniProprie', 'TotaleImmobilizzazioniFinanziarie']","ImmobilizzazioniFinanziarie","III - Immobilizzazioni finanziarie",3,"Immobilizzazioni","instant",0,,,44
163,"False","debit","[]","ImmobilizzazioniFinanziarieAltriTitoli","3) altri titoli",3,"ImmobilizzazioniFinanziarie","instant",1,"TotaleImmobilizzazioniFinanziarie",4,69
164,"False","debit","['ImmobilizzazioniFinanziarieAzioniProprieAzioniProprieValoreNominaleComplessivoPerMemoria']","ImmobilizzazioniFinanziarieAzioniProprie","4) azioni proprie",4,"ImmobilizzazioniFinanziarie","instant",1,"TotaleImmobilizzazioniFinanziarie",4,70
165,"False","debit","[]","ImmobilizzazioniFinanziarieAzioniProprieAzioniProprieValoreNominaleComplessivoPerMemoria","azioni proprie, valore nominale complessivo (per memoria)",1,"ImmobilizzazioniFinanziarieAzioniProprie","instant",0,,,71
166,"True",,"['ImmobilizzazioniFinanziarieCreditiVersoImpreseControllate', 'ImmobilizzazioniFinanziarieCreditiVersoImpreseCollegate', 'ImmobilizzazioniFinanziarieCreditiVersoControllanti', 'ImmobilizzazioniFinanziarieCreditiVersoAltri', 'ImmobilizzazioniFinanziarieCreditiTotaleCrediti']","ImmobilizzazioniFinanziarieCrediti","2) crediti",2,"ImmobilizzazioniFinanziarie","instant",0,,,51
167,"False","debit","[]","ImmobilizzazioniFinanziarieCreditiTotaleCrediti","Totale crediti",5,"ImmobilizzazioniFinanziarieCrediti","instant",1,"TotaleImmobilizzazioniFinanziarie",4,68
168,"True",,"['ImmobilizzazioniFinanziarieCreditiVersoAltriEsigibiliEntroEsercizioSuccessivo', 'ImmobilizzazioniFinanziarieCreditiVersoAltriEsigibiliOltreEsercizioSuccessivo', 'ImmobilizzazioniFinanziarieCreditiVersoAltriTotaleCreditiVersoAltri']","ImmobilizzazioniFinanziarieCreditiVersoAltri","d) verso altri",4,"ImmobilizzazioniFinanziarieCrediti","instant",0,,,64
169,"False","debit","[]","ImmobilizzazioniFinanziarieCreditiVersoAltriEsigibiliEntroEsercizioSuccessivo","esigibili entro l'esercizio successivo",1,"ImmobilizzazioniFinanziarieCreditiVersoAltri","instant",1,"ImmobilizzazioniFinanziarieCreditiVersoAltriTotaleCreditiVersoAltri",6,65
170,"False","debit","[]","ImmobilizzazioniFinanziarieCreditiVersoAltriEsigibiliOltreEsercizioSuccessivo","esigibili oltre l'esercizio successivo",2,"ImmobilizzazioniFinanziarieCreditiVersoAltri","instant",1,"ImmobilizzazioniFinanziarieCreditiVersoAltriTotaleCreditiVersoAltri",6,66
171,"False","debit","[]","ImmobilizzazioniFinanziarieCreditiVersoAltriTotaleCreditiVersoAltri","Totale crediti verso altri",3,"ImmobilizzazioniFinanziarieCreditiVersoAltri","instant",1,"ImmobilizzazioniFinanziarieCreditiTotaleCrediti",5,67
172,"True",,"['ImmobilizzazioniFinanziarieCreditiVersoControllantiEsigibiliEntroEsercizioSuccessivo', 'ImmobilizzazioniFinanziarieCreditiVersoControllantiEsigibiliOltreEsercizioSuccessivo', 'ImmobilizzazioniFinanziarieCreditiVersoControllantiTotaleCreditiVersoControllanti']","ImmobilizzazioniFinanziarieCreditiVersoControllanti","c) verso controllanti",3,"ImmobilizzazioniFinanziarieCrediti","instant",0,,,60
173,"False","debit","[]","ImmobilizzazioniFinanziarieCreditiVersoControllantiEsigibiliEntroEsercizioSuccessivo","esigibili entro l'esercizio successivo",1,"ImmobilizzazioniFinanziarieCreditiVersoControllanti","instant",1,"ImmobilizzazioniFinanziarieCreditiVersoControllantiTotaleCreditiVersoControllanti",6,61
174,"False","debit","[]","ImmobilizzazioniFinanziarieCreditiVersoControllantiEsigibiliOltreEsercizioSuccessivo","esigibili oltre l'esercizio successivo",2,"ImmobilizzazioniFinanziarieCreditiVersoControllanti","instant",1,"ImmobilizzazioniFinanziarieCreditiVersoControllantiTotaleCreditiVersoControllanti",6,62
175,"False","debit","[]","ImmobilizzazioniFinanziarieCreditiVersoControllantiTotaleCreditiVersoControllanti","Totale crediti verso controllanti",3,"ImmobilizzazioniFinanziarieCreditiVersoControllanti","instant",1,"ImmobilizzazioniFinanziarieCreditiTotaleCrediti",5,63
176,"True",,"['ImmobilizzazioniFinanziarieCreditiVersoImpreseCollegateEsigibiliEntroEsercizioSuccessivo', 'ImmobilizzazioniFinanziarieCreditiVersoImpreseCollegateEsigibiliOltreEsercizioSuccessivo', 'ImmobilizzazioniFinanziarieCreditiVersoImpreseCollegateTotaleCreditiVersoImpreseCollegate']","ImmobilizzazioniFinanziarieCreditiVersoImpreseCollegate","b) verso imprese collegate",2,"ImmobilizzazioniFinanziarieCrediti","instant",0,,,56
177,"False","debit","[]","ImmobilizzazioniFinanziarieCreditiVersoImpreseCollegateEsigibiliEntroEsercizioSuccessivo","esigibili entro l'esercizio successivo",1,"ImmobilizzazioniFinanziarieCreditiVersoImpreseCollegate","instant",1,"ImmobilizzazioniFinanziarieCreditiVersoImpreseCollegateTotaleCreditiVersoImpreseCollegate",6,57
178,"False","debit","[]","ImmobilizzazioniFinanziarieCreditiVersoImpreseCollegateEsigibiliOltreEsercizioSuccessivo","esigibili oltre l'esercizio successivo",2,"ImmobilizzazioniFinanziarieCreditiVersoImpreseCollegate","instant",1,"ImmobilizzazioniFinanziarieCreditiVersoImpreseCollegateTotaleCreditiVersoImpreseCollegate",6,58
179,"False","debit","[]","ImmobilizzazioniFinanziarieCreditiVersoImpreseCollegateTotaleCreditiVersoImpreseCollegate","Totale crediti verso imprese collegate",3,"ImmobilizzazioniFinanziarieCreditiVersoImpreseCollegate","instant",1,"ImmobilizzazioniFinanziarieCreditiTotaleCrediti",5,59
180,"True",,"['ImmobilizzazioniFinanziarieCreditiVersoImpreseControllateEsigibiliEntroEsercizioSuccessivo', 'ImmobilizzazioniFinanziarieCreditiVersoImpreseControllateEsigibiliOltreEsercizioSuccessivo', 'ImmobilizzazioniFinanziarieCreditiVersoImpreseControllateTotaleCreditiVersoImpreseControllate']","ImmobilizzazioniFinanziarieCreditiVersoImpreseControllate","a) verso imprese controllate",1,"ImmobilizzazioniFinanziarieCrediti","instant",0,,,52
181,"False","debit","[]","ImmobilizzazioniFinanziarieCreditiVersoImpreseControllateEsigibiliEntroEsercizioSuccessivo","esigibili entro l'esercizio successivo",1,"ImmobilizzazioniFinanziarieCreditiVersoImpreseControllate","instant",1,"ImmobilizzazioniFinanziarieCreditiVersoImpreseControllateTotaleCreditiVersoImpreseControllate",6,53
182,"False","debit","[]","ImmobilizzazioniFinanziarieCreditiVersoImpreseControllateEsigibiliOltreEsercizioSuccessivo","esigibili oltre l'esercizio successivo",2,"ImmobilizzazioniFinanziarieCreditiVersoImpreseControllate","instant",1,"ImmobilizzazioniFinanziarieCreditiVersoImpreseControllateTotaleCreditiVersoImpreseControllate",6,54
183,"False","debit","[]","ImmobilizzazioniFinanziarieCreditiVersoImpreseControllateTotaleCreditiVersoImpreseControllate","Totale crediti verso imprese controllate",3,"ImmobilizzazioniFinanziarieCreditiVersoImpreseControllate","instant",1,"ImmobilizzazioniFinanziarieCreditiTotaleCrediti",5,55
184,"True",,"['ImmobilizzazioniFinanziariePartecipazioniImpreseControllate', 'ImmobilizzazioniFinanziariePartecipazioniImpreseCollegate', 'ImmobilizzazioniFinanziariePartecipazioniImpreseControllanti', 'ImmobilizzazioniFinanziariePartecipazioniAltreImprese', 'ImmobilizzazioniFinanziariePartecipazioniTotalePartecipazioni']","ImmobilizzazioniFinanziariePartecipazioni","1) partecipazioni",1,"ImmobilizzazioniFinanziarie","instant",0,,,45
185,"False","debit","[]","ImmobilizzazioniFinanziariePartecipazioniAltreImprese","d) altre imprese",4,"ImmobilizzazioniFinanziariePartecipazioni","instant",1,"ImmobilizzazioniFinanziariePartecipazioniTotalePartecipazioni",5,49
186,"False","debit","[]","ImmobilizzazioniFinanziariePartecipazioniImpreseCollegate","b) imprese collegate",2,"ImmobilizzazioniFinanziariePartecipazioni","instant",1,"ImmobilizzazioniFinanziariePartecipazioniTotalePartecipazioni",5,47
187,"False","debit","[]","ImmobilizzazioniFinanziariePartecipazioniImpreseControllanti","c) imprese controllanti",3,"ImmobilizzazioniFinanziariePartecipazioni","instant",1,"ImmobilizzazioniFinanziariePartecipazioniTotalePartecipazioni",5,48
188,"False","debit","[]","ImmobilizzazioniFinanziariePartecipazioniImpreseControllate","a) imprese controllate",1,"ImmobilizzazioniFinanziariePartecipazioni","instant",1,"ImmobilizzazioniFinanziariePartecipazioniTotalePartecipazioni",5,46
189,"False","debit","[]","ImmobilizzazioniFinanziariePartecipazioniTotalePartecipazioni","Totale partecipazioni",5,"ImmobilizzazioniFinanziariePartecipazioni","instant",1,"TotaleImmobilizzazioniFinanziarie",4,50
190,"True",,"['ImmobilizzazioniImmaterialiCostiImpiantoAmpliamento', 'ImmobilizzazioniImmaterialiCostiRicercaSviluppoPubblicita', 'ImmobilizzazioniImmaterialiDirittiBrevettoIndustrialeDirittiUtilizzazioneOpereIngegno', 'ImmobilizzazioniImmaterialiConcessioniLicenzeMarchiDirittiSimili', 'ImmobilizzazioniImmaterialiAvviamento', 'ImmobilizzazioniImmaterialiImmobilizzazioniCorsoAcconti', 'ImmobilizzazioniImmaterialiAltre', 'TotaleImmobilizzazioniImmateriali']","ImmobilizzazioniImmateriali","I - Immobilizzazioni immateriali",1,"Immobilizzazioni","instant",0,,,28
191,"False","debit","[]","ImmobilizzazioniImmaterialiAltre","7) altre",7,"ImmobilizzazioniImmateriali","instant",1,"TotaleImmobilizzazioniImmateriali",4,35
192,"False","debit","[]","ImmobilizzazioniImmaterialiAvviamento","5) avviamento",5,"ImmobilizzazioniImmateriali","instant",1,"TotaleImmobilizzazioniImmateriali",4,33
193,"False","debit","[]","ImmobilizzazioniImmaterialiConcessioniLicenzeMarchiDirittiSimili","4) concessioni, licenze, marchi e diritti simili",4,"ImmobilizzazioniImmateriali","instant",1,"TotaleImmobilizzazioniImmateriali",4,32
194,"False","debit","[]","ImmobilizzazioniImmaterialiCostiImpiantoAmpliamento","1) costi di impianto e di ampliamento",1,"ImmobilizzazioniImmateriali","instant",1,"TotaleImmobilizzazioniImmateriali",4,29
195,"False","debit","[]","ImmobilizzazioniImmaterialiCostiRicercaSviluppoPubblicita","2) costi di ricerca, di sviluppo e di pubblicità",2,"ImmobilizzazioniImmateriali","instant",1,"TotaleImmobilizzazioniImmateriali",4,30
196,"False","debit","[]","ImmobilizzazioniImmaterialiDirittiBrevettoIndustrialeDirittiUtilizzazioneOpereIngegno","3) diritti di brevetto industriale e diritti di utilizzazione delle opere dell'ingegno",3,"ImmobilizzazioniImmateriali","instant",1,"TotaleImmobilizzazioniImmateriali",4,31
197,"False","debit","[]","ImmobilizzazioniImmaterialiImmobilizzazioniCorsoAcconti","6) immobilizzazioni in corso e acconti",6,"ImmobilizzazioniImmateriali","instant",1,"TotaleImmobilizzazioniImmateriali",4,34
198,"True",,"['ImmobilizzazioniMaterialiTerreniFabbricati', 'ImmobilizzazioniMaterialiImpiantiMacchinario', 'ImmobilizzazioniMaterialiAttrezzatureIndustrialiCommerciali', 'ImmobilizzazioniMaterialiAltriBeni', 'ImmobilizzazioniMaterialiImmobilizzazioniCorsoAcconti', 'TotaleImmobilizzazioniMateriali']","ImmobilizzazioniMateriali","II - Immobilizzazioni materiali",2,"Immobilizzazioni","instant",0,,,37
199,"False","debit","[]","ImmobilizzazioniMaterialiAltriBeni","4) altri beni",4,"ImmobilizzazioniMateriali","instant",1,"TotaleImmobilizzazioniMateriali",4,41
200,"False","debit","[]","ImmobilizzazioniMaterialiAttrezzatureIndustrialiCommerciali","3) attrezzature industriali e commerciali",3,"ImmobilizzazioniMateriali","instant",1,"TotaleImmobilizzazioniMateriali",4,40
201,"False","debit","[]","ImmobilizzazioniMaterialiImmobilizzazioniCorsoAcconti","5) immobilizzazioni in corso e acconti.",5,"ImmobilizzazioniMateriali","instant",1,"TotaleImmobilizzazioniMateriali",4,42
202,"False","debit","[]","ImmobilizzazioniMaterialiImpiantiMacchinario","2) impianti e macchinario",2,"ImmobilizzazioniMateriali","instant",1,"TotaleImmobilizzazioniMateriali",4,39
203,"False","debit","[]","ImmobilizzazioniMaterialiTerreniFabbricati","1) terreni e fabbricati",1,"ImmobilizzazioniMateriali","instant",1,"TotaleImmobilizzazioniMateriali",4,38
204,"True",,"['TotaleImpegniAssuntiImpresa']","ImpegniAssuntiImpresa","Impegni assunti dall'impresa",2,"ContiOrdine","instant",0,,,275
205,"True",,"['ImposteRedditoEsercizioCorrentiDifferiteAnticipateImposteCorrenti', 'ImposteRedditoEsercizioCorrentiDifferiteAnticipateImposteDifferite', 'ImposteRedditoEsercizioCorrentiDifferiteAnticipateImposteAnticipate', 'ImposteRedditoEsercizioCorrentiDifferiteAnticipateProventiOneriAdesioneRegimeConsolidatoFiscaleTrasparenzaFiscale', 'ImposteRedditoEsercizioCorrentiDifferiteAnticipateTotaleImposteRedditoEsercizioCorrentiDifferiteAnticipate']","ImposteRedditoEsercizioCorrentiDifferiteAnticipate","22) Imposte sul reddito dell'esercizio, correnti, differite e anticipate",8,"ContoEconomico","duration",0,,,376
206,"False","credit","[]","ImposteRedditoEsercizioCorrentiDifferiteAnticipateImposteAnticipate","imposte anticipate",3,"ImposteRedditoEsercizioCorrentiDifferiteAnticipate","duration",-1,"ImposteRedditoEsercizioCorrentiDifferiteAnticipateTotaleImposteRedditoEsercizioCorrentiDifferiteAnticipate",3,379
207,"False","debit","[]","ImposteRedditoEsercizioCorrentiDifferiteAnticipateImposteCorrenti","imposte correnti",1,"ImposteRedditoEsercizioCorrentiDifferiteAnticipate","duration",1,"ImposteRedditoEsercizioCorrentiDifferiteAnticipateTotaleImposteRedditoEsercizioCorrentiDifferiteAnticipate",3,377
208,"False","debit","[]","ImposteRedditoEsercizioCorrentiDifferiteAnticipateImposteDifferite","imposte differite",2,"ImposteRedditoEsercizioCorrentiDifferiteAnticipate","duration",1,"ImposteRedditoEsercizioCorrentiDifferiteAnticipateTotaleImposteRedditoEsercizioCorrentiDifferiteAnticipate",3,378
209,"False","credit","[]","ImposteRedditoEsercizioCorrentiDifferiteAnticipateProventiOneriAdesioneRegimeConsolidatoFiscaleTrasparenzaFiscale","proventi (oneri) da adesione al regime di consolidato fiscale / trasparenza fiscale",4,"ImposteRedditoEsercizioCorrentiDifferiteAnticipate","duration",-1,"ImposteRedditoEsercizioCorrentiDifferiteAnticipateTotaleImposteRedditoEsercizioCorrentiDifferiteAnticipate",3,380
210,"False","debit","[]","ImposteRedditoEsercizioCorrentiDifferiteAnticipateTotaleImposteRedditoEsercizioCorrentiDifferiteAnticipate","Totale delle imposte sul reddito dell'esercizio, correnti, differite e anticipate",5,"ImposteRedditoEsercizioCorrentiDifferiteAnticipate","duration",-1,"UtilePerditaEsercizio",2,381
211,"True",,"['DatiAnagrafici']","InformazioniGeneraliImpresa","Informazioni generali sull'impresa",0,,"instant",0,,,1
212,"True",,"['PatrimonioNetto', 'FondiRischiOneri', 'TrattamentoFineRapportoLavoroSubordinato', 'Debiti', 'PassivoRateiRisconti', 'TotalePassivo']","Passivo","Passivo",2,"StatoPatrimoniale","instant",0,,,132
213,"True",,"['PassivoRateiRiscontiRateiRiscontiPassivi', 'PassivoRateiRiscontiAggioPrestitiEmessi', 'PassivoRateiRiscontiTotaleRateiRisconti']","PassivoRateiRisconti","E) Ratei e risconti",5,"Passivo","instant",0,,,235
214,"False","credit","[]","PassivoRateiRiscontiAggioPrestitiEmessi","Aggio su prestiti emessi",2,"PassivoRateiRisconti","instant",1,"PassivoRateiRiscontiTotaleRateiRisconti",3,237
215,"False","credit","[]","PassivoRateiRiscontiRateiRiscontiPassivi","Ratei e risconti passivi",1,"PassivoRateiRisconti","instant",1,"PassivoRateiRiscontiTotaleRateiRisconti",3,236
216,"False","credit","[]","PassivoRateiRiscontiTotaleRateiRisconti","Totale ratei e risconti",3,"PassivoRateiRisconti","instant",1,"TotalePassivo",2,238
217,"True",,"['PatrimonioNettoCapitale', 'TotalePatrimonioNetto', 'PatrimonioNettoRiservaSoprapprezzoAzioni', 'PatrimonioNettoRiserveRivalutazione', 'PatrimonioNettoRiservaLegale', 'PatrimonioNettoRiserveStatutarie', 'PatrimonioNettoRiservaAzioniPropriePortafoglio', 'PatrimonioNettoAltreRiserveDistintamenteIndicate', 'PatrimonioNettoUtiliPerditePortatiNuovo', 'PatrimonioNettoUtilePerditaEsercizio']","PatrimonioNetto","A) Patrimonio netto",1,"Passivo","instant",0,,,133
218,"True",,"['PatrimonioNettoAltreRiserveDistintamenteIndicateRiservaStraordinariaFacoltativa', 'PatrimonioNettoAltreRiserveDistintamenteIndicateVersamentiContoCapitale', 'PatrimonioNettoAltreRiserveDistintamenteIndicateVersamentiCoperturaPerdite', 'PatrimonioNettoAltreRiserveDistintamenteIndicateRiservaRiduzioneCapitaleSociale', 'PatrimonioNettoAltreRiserveDistintamenteIndicateRiservaAvanzoFusione', 'PatrimonioNettoAltreRiserveDistintamenteIndicateRiservaUtiliCambi', 'PatrimonioNettoAltreRiserveDistintamenteIndicateDifferenzaArrotondamentoUnitaEuro', 'PatrimonioNettoAltreRiserveDistintamenteIndicateRiserveCondonoFiscale', 'PatrimonioNettoAltreRiserveDistintamenteIndicateVarieAltreRiserve', 'PatrimonioNettoAltreRiserveDistintamenteIndicateTotaleAltreRiserve', 'PatrimonioNettoAltreRiserveDistintamenteIndicateRiservaRinnovamentoImpiantiMacchinari', 'PatrimonioNettoAltreRiserveDistintamenteIndicateRiservaAmmortamentoAnticipato', 'PatrimonioNettoAltreRiserveDistintamenteIndicateRiservaAcquistoAzioniProprie', 'PatrimonioNettoAltreRiserveDistintamenteIndicateRiservaDerogheExArt2423CodCiv', 'PatrimonioNettoAltreRiserveDistintamenteIndicateRiservaAzioniQuoteSocietaControllante', 'PatrimonioNettoAltreRiserveDistintamenteIndicateRiservaNonDistribuibileRivalutazionePartecipazioni', 'PatrimonioNettoAltreRiserveDistintamenteIndicateVersamentiContoAumentoCapitale', 'PatrimonioNettoAltreRiserveDistintamenteIndicateVersamentiContoFuturoAumentoCapitale']","PatrimonioNettoAltreRiserveDistintamenteIndicate","VII - Altre riserve, distintamente indicate",7,"PatrimonioNetto","instant",0,,,141
219,"False","credit","[]","PatrimonioNettoAltreRiserveDistintamenteIndicateDifferenzaArrotondamentoUnitaEuro","Differenza da arrotondamento all'unità di Euro",15,"PatrimonioNettoAltreRiserveDistintamenteIndicate","instant",1,"PatrimonioNettoAltreRiserveDistintamenteIndicateTotaleAltreRiserve",4,148
220,"False","credit","[]","PatrimonioNettoAltreRiserveDistintamenteIndicateRiservaAcquistoAzioniProprie","Riserva per acquisto azioni proprie",4,"PatrimonioNettoAltreRiserveDistintamenteIndicate","instant",1,"PatrimonioNettoAltreRiserveDistintamenteIndicateTotaleAltreRiserve",4,159
221,"False","credit","[]","PatrimonioNettoAltreRiserveDistintamenteIndicateRiservaAmmortamentoAnticipato","Riserva ammortamento anticipato",3,"PatrimonioNettoAltreRiserveDistintamenteIndicate","instant",1,"PatrimonioNettoAltreRiserveDistintamenteIndicateTotaleAltreRiserve",4,158
222,"False","credit","[]","PatrimonioNettoAltreRiserveDistintamenteIndicateRiservaAvanzoFusione","Riserva avanzo di fusione",13,"PatrimonioNettoAltreRiserveDistintamenteIndicate","instant",1,"PatrimonioNettoAltreRiserveDistintamenteIndicateTotaleAltreRiserve",4,146
223,"False","credit","[]","PatrimonioNettoAltreRiserveDistintamenteIndicateRiservaAzioniQuoteSocietaControllante","Riserva azioni (quote) della società controllante",6,"PatrimonioNettoAltreRiserveDistintamenteIndicate","instant",1,"PatrimonioNettoAltreRiserveDistintamenteIndicateTotaleAltreRiserve",4,161
224,"False","credit","[]","PatrimonioNettoAltreRiserveDistintamenteIndicateRiservaDerogheExArt2423CodCiv","Riserva da deroghe ex art. 2423 Cod. Civ",5,"PatrimonioNettoAltreRiserveDistintamenteIndicate","instant",1,"PatrimonioNettoAltreRiserveDistintamenteIndicateTotaleAltreRiserve",4,160
225,"False","credit","[]","PatrimonioNettoAltreRiserveDistintamenteIndicateRiservaNonDistribuibileRivalutazionePartecipazioni","Riserva non distribuibile da rivalutazione delle partecipazioni",7,"PatrimonioNettoAltreRiserveDistintamenteIndicate","instant",1,"PatrimonioNettoAltreRiserveDistintamenteIndicateTotaleAltreRiserve",4,162
226,"False","credit","[]","PatrimonioNettoAltreRiserveDistintamenteIndicateRiservaRiduzioneCapitaleSociale","Riserva da riduzione capitale sociale",12,"PatrimonioNettoAltreRiserveDistintamenteIndicate","instant",1,"PatrimonioNettoAltreRiserveDistintamenteIndicateTotaleAltreRiserve",4,145
227,"False","credit","[]","PatrimonioNettoAltreRiserveDistintamenteIndicateRiservaRinnovamentoImpiantiMacchinari","Riserva per rinnovamento impianti e macchinari",2,"PatrimonioNettoAltreRiserveDistintamenteIndicate","instant",1,"PatrimonioNettoAltreRiserveDistintamenteIndicateTotaleAltreRiserve",4,157
228,"False","credit","[]","PatrimonioNettoAltreRiserveDistintamenteIndicateRiservaStraordinariaFacoltativa","Riserva straordinaria o facoltativa",1,"PatrimonioNettoAltreRiserveDistintamenteIndicate","instant",1,"PatrimonioNettoAltreRiserveDistintamenteIndicateTotaleAltreRiserve",4,142
229,"False","credit","[]","PatrimonioNettoAltreRiserveDistintamenteIndicateRiservaUtiliCambi","Riserva per utili su cambi",14,"PatrimonioNettoAltreRiserveDistintamenteIndicate","instant",1,"PatrimonioNettoAltreRiserveDistintamenteIndicateTotaleAltreRiserve",4,147
230,"True",,"['PatrimonioNettoAltreRiserveDistintamenteIndicateRiserveCondonoFiscaleRiservaCondonoExL19Dicembre1973N823', 'PatrimonioNettoAltreRiserveDistintamenteIndicateRiserveCondonoFiscaleRiservaCondonoExL7Agosto1982N516', 'PatrimonioNettoAltreRiserveDistintamenteIndicateRiserveCondonoFiscaleRiservaCondonoExL30Dicembre1991N413', 'PatrimonioNettoAltreRiserveDistintamenteIndicateRiserveCondonoFiscaleRiservaCondonoExL27Dicembre2002N289', 'PatrimonioNettoAltreRiserveDistintamenteIndicateRiserveCondonoFiscaleTotaleRiserveCondonoFiscale']","PatrimonioNettoAltreRiserveDistintamenteIndicateRiserveCondonoFiscale","Riserve da condono fiscale:",16,"PatrimonioNettoAltreRiserveDistintamenteIndicate","instant",0,,,149
231,"False","credit","[]","PatrimonioNettoAltreRiserveDistintamenteIndicateRiserveCondonoFiscaleRiservaCondonoExL19Dicembre1973N823","Riserva da condono ex L. 19 dicembre 1973, n. 823;",1,"PatrimonioNettoAltreRiserveDistintamenteIndicateRiserveCondonoFiscale","instant",1,"PatrimonioNettoAltreRiserveDistintamenteIndicateRiserveCondonoFiscaleTotaleRiserveCondonoFiscale",5,150
232,"False","credit","[]","PatrimonioNettoAltreRiserveDistintamenteIndicateRiserveCondonoFiscaleRiservaCondonoExL27Dicembre2002N289","Riserva da condono ex L. 27 dicembre 2002, n. 289.",4,"PatrimonioNettoAltreRiserveDistintamenteIndicateRiserveCondonoFiscale","instant",1,"PatrimonioNettoAltreRiserveDistintamenteIndicateRiserveCondonoFiscaleTotaleRiserveCondonoFiscale",5,153
233,"False","credit","[]","PatrimonioNettoAltreRiserveDistintamenteIndicateRiserveCondonoFiscaleRiservaCondonoExL30Dicembre1991N413","Riserva da condono ex L. 30 dicembre 1991, n. 413;",3,"PatrimonioNettoAltreRiserveDistintamenteIndicateRiserveCondonoFiscale","instant",1,"PatrimonioNettoAltreRiserveDistintamenteIndicateRiserveCondonoFiscaleTotaleRiserveCondonoFiscale",5,152
234,"False","credit","[]","PatrimonioNettoAltreRiserveDistintamenteIndicateRiserveCondonoFiscaleRiservaCondonoExL7Agosto1982N516","Riserva da condono ex L. 7 agosto 1982, n. 516;",2,"PatrimonioNettoAltreRiserveDistintamenteIndicateRiserveCondonoFiscale","instant",1,"PatrimonioNettoAltreRiserveDistintamenteIndicateRiserveCondonoFiscaleTotaleRiserveCondonoFiscale",5,151
235,"False","credit","[]","PatrimonioNettoAltreRiserveDistintamenteIndicateRiserveCondonoFiscaleTotaleRiserveCondonoFiscale","Totale riserve da condono fiscale",5,"PatrimonioNettoAltreRiserveDistintamenteIndicateRiserveCondonoFiscale","instant",1,"PatrimonioNettoAltreRiserveDistintamenteIndicateTotaleAltreRiserve",4,154
236,"False","credit","[]","PatrimonioNettoAltreRiserveDistintamenteIndicateTotaleAltreRiserve","Totale altre riserve",18,"PatrimonioNettoAltreRiserveDistintamenteIndicate","instant",1,"TotalePatrimonioNetto",3,156
237,"False","credit","[]","PatrimonioNettoAltreRiserveDistintamenteIndicateVarieAltreRiserve","Varie altre riserve",17,"PatrimonioNettoAltreRiserveDistintamenteIndicate","instant",1,"PatrimonioNettoAltreRiserveDistintamenteIndicateTotaleAltreRiserve",4,155
238,"False","credit","[]","PatrimonioNettoAltreRiserveDistintamenteIndicateVersamentiContoAumentoCapitale","Versamenti in conto aumento di capitale",8,"PatrimonioNettoAltreRiserveDistintamenteIndicate","instant",1,"PatrimonioNettoAltreRiserveDistintamenteIndicateTotaleAltreRiserve",4,163
239,"False","credit","[]","PatrimonioNettoAltreRiserveDistintamenteIndicateVersamentiContoCapitale","Versamenti in conto capitale",10,"PatrimonioNettoAltreRiserveDistintamenteIndicate","instant",1,"PatrimonioNettoAltreRiserveDistintamenteIndicateTotaleAltreRiserve",4,143
240,"False","credit","[]","PatrimonioNettoAltreRiserveDistintamenteIndicateVersamentiContoFuturoAumentoCapitale","Versamenti in conto futuro aumento di capitale",9,"PatrimonioNettoAltreRiserveDistintamenteIndicate","instant",1,"PatrimonioNettoAltreRiserveDistintamenteIndicateTotaleAltreRiserve",4,164
241,"False","credit","[]","PatrimonioNettoAltreRiserveDistintamenteIndicateVersamentiCoperturaPerdite","Versamenti a copertura perdite",11,"PatrimonioNettoAltreRiserveDistintamenteIndicate","instant",1,"PatrimonioNettoAltreRiserveDistintamenteIndicateTotaleAltreRiserve",4,144
242,"False","credit","[]","PatrimonioNettoCapitale","I - Capitale",1,"PatrimonioNetto","instant",1,"TotalePatrimonioNetto",3,134
243,"False","credit","[]","PatrimonioNettoRiservaAzioniPropriePortafoglio","VI - Riserva per azioni proprie in portafoglio",6,"PatrimonioNetto","instant",1,"TotalePatrimonioNetto",3,140
244,"False","credit","[]","PatrimonioNettoRiservaLegale","IV - Riserva legale",4,"PatrimonioNetto","instant",1,"TotalePatrimonioNetto",3,138
245,"False","credit","[]","PatrimonioNettoRiservaSoprapprezzoAzioni","II - Riserva da soprapprezzo delle azioni",2,"PatrimonioNetto","instant",1,"TotalePatrimonioNetto",3,136
246,"False","credit","[]","PatrimonioNettoRiserveRivalutazione","III - Riserve di rivalutazione",3,"PatrimonioNetto","instant",1,"TotalePatrimonioNetto",3,137
247,"False","credit","[]","PatrimonioNettoRiserveStatutarie","V - Riserve statutarie",5,"PatrimonioNetto","instant",1,"TotalePatrimonioNetto",3,139
248,"True",,"['PatrimonioNettoUtilePerditaEsercizioUtilePerditaEsercizio', 'PatrimonioNettoUtilePerditaEsercizioAccontiDividendi', 'PatrimonioNettoUtilePerditaEsercizioCoperturaParzialePerditaEsercizio', 'PatrimonioNettoUtilePerditaEsercizioUtilePerditaResidua']","PatrimonioNettoUtilePerditaEsercizio","IX - Utile (perdita) dell'esercizio",9,"PatrimonioNetto","instant",0,,,166
249,"False","debit","[]","PatrimonioNettoUtilePerditaEsercizioAccontiDividendi","Acconti su dividendi",2,"PatrimonioNettoUtilePerditaEsercizio","instant",-1,"PatrimonioNettoUtilePerditaEsercizioUtilePerditaResidua",4,168
250,"False","credit","[]","PatrimonioNettoUtilePerditaEsercizioCoperturaParzialePerditaEsercizio","Copertura parziale perdita d'esercizio",3,"PatrimonioNettoUtilePerditaEsercizio","instant",1,"PatrimonioNettoUtilePerditaEsercizioUtilePerditaResidua",4,169
251,"False","credit","[]","PatrimonioNettoUtilePerditaEsercizioUtilePerditaEsercizio","Utile (perdita) dell'esercizio.",1,"PatrimonioNettoUtilePerditaEsercizio","instant",1,"PatrimonioNettoUtilePerditaEsercizioUtilePerditaResidua",4,167
252,"False","credit","[]","PatrimonioNettoUtilePerditaEsercizioUtilePerditaResidua","Utile (perdita) residua",4,"PatrimonioNettoUtilePerditaEsercizio","instant",1,"TotalePatrimonioNetto",3,170
253,"False","credit","[]","PatrimonioNettoUtiliPerditePortatiNuovo","VIII - Utili (perdite) portati a nuovo",8,"PatrimonioNetto","instant",1,"TotalePatrimonioNetto",3,165
254,"True",,"['ProventiOneriFinanziariProventiPartecipazioni', 'ProventiOneriFinanziariAltriProventiFinanziari', 'ProventiOneriFinanziariInteressiAltriOneriFinanziari', 'ProventiOneriFinanziariUtiliPerditeCambi', 'TotaleProventiOneriFinanziari']","ProventiOneriFinanziari","C) Proventi e oneri finanziari:",4,"ContoEconomico","duration",0,,,320
255,"True",,"['ProventiOneriFinanziariAltriProventiFinanziariCreditiIscrittiImmobilizzazioni', 'ProventiOneriFinanziariAltriProventiFinanziariTitoliIscrittiImmobilizzazioniNonCostituisconoPartecipazioni', 'ProventiOneriFinanziariAltriProventiFinanziariTitoliIscrittiAttivoCircolanteNonCostituisconoPartecipazioni', 'ProventiOneriFinanziariAltriProventiFinanziariProventiDiversiPrecedenti', 'ProventiOneriFinanziariAltriProventiFinanziariTotaleAltriProventiFinanziari']","ProventiOneriFinanziariAltriProventiFinanziari","16) altri proventi finanziari:",2,"ProventiOneriFinanziari","duration",0,,,326
256,"True",,"['ProventiOneriFinanziariAltriProventiFinanziariCreditiIscrittiImmobilizzazioniImpreseControllate', 'ProventiOneriFinanziariAltriProventiFinanziariCreditiIscrittiImmobilizzazioniImpreseCollegate', 'ProventiOneriFinanziariAltriProventiFinanziariCreditiIscrittiImmobilizzazioniImpreseControllanti', 'ProventiOneriFinanziariAltriProventiFinanziariCreditiIscrittiImmobilizzazioniAltri', 'ProventiOneriFinanziariAltriProventiFinanziariCreditiIscrittiImmobilizzazioniTotaleProventiFinanziariCreditiIscrittiImmobilizzazioni']","ProventiOneriFinanziariAltriProventiFinanziariCreditiIscrittiImmobilizzazioni","a) da crediti iscritti nelle immobilizzazioni",1,"ProventiOneriFinanziariAltriProventiFinanziari","duration",0,,,327
257,"False","credit","[]","ProventiOneriFinanziariAltriProventiFinanziariCreditiIscrittiImmobilizzazioniAltri","altri",4,"ProventiOneriFinanziariAltriProventiFinanziariCreditiIscrittiImmobilizzazioni","duration",1,"ProventiOneriFinanziariAltriProventiFinanziariCreditiIscrittiImmobilizzazioniTotaleProventiFinanziariCreditiIscrittiImmobilizzazioni",6,331
258,"False","credit","[]","ProventiOneriFinanziariAltriProventiFinanziariCreditiIscrittiImmobilizzazioniImpreseCollegate","da imprese collegate",2,"ProventiOneriFinanziariAltriProventiFinanziariCreditiIscrittiImmobilizzazioni","duration",1,"ProventiOneriFinanziariAltriProventiFinanziariCreditiIscrittiImmobilizzazioniTotaleProventiFinanziariCreditiIscrittiImmobilizzazioni",6,329
259,"False","credit","[]","ProventiOneriFinanziariAltriProventiFinanziariCreditiIscrittiImmobilizzazioniImpreseControllanti","da imprese controllanti",3,"ProventiOneriFinanziariAltriProventiFinanziariCreditiIscrittiImmobilizzazioni","duration",1,"ProventiOneriFinanziariAltriProventiFinanziariCreditiIscrittiImmobilizzazioniTotaleProventiFinanziariCreditiIscrittiImmobilizzazioni",6,330
260,"False","credit","[]","ProventiOneriFinanziariAltriProventiFinanziariCreditiIscrittiImmobilizzazioniImpreseControllate","da imprese controllate",1,"ProventiOneriFinanziariAltriProventiFinanziariCreditiIscrittiImmobilizzazioni","duration",1,"ProventiOneriFinanziariAltriProventiFinanziariCreditiIscrittiImmobilizzazioniTotaleProventiFinanziariCreditiIscrittiImmobilizzazioni",6,328
261,"False","credit","[]","ProventiOneriFinanziariAltriProventiFinanziariCreditiIscrittiImmobilizzazioniTotaleProventiFinanziariCreditiIscrittiImmobilizzazioni","Totale proventi finanziari da crediti iscritti nelle immobilizzazioni",5,"ProventiOneriFinanziariAltriProventiFinanziariCreditiIscrittiImmobilizzazioni","duration",1,"ProventiOneriFinanziariAltriProventiFinanziariTotaleAltriProventiFinanziari",5,332
262,"True",,"['ProventiOneriFinanziariAltriProventiFinanziariProventiDiversiPrecedentiImpreseControllate', 'ProventiOneriFinanziariAltriProventiFinanziariProventiDiversiPrecedentiImpreseCollegate', 'ProventiOneriFinanziariAltriProventiFinanziariProventiDiversiPrecedentiImpreseControllanti', 'ProventiOneriFinanziariAltriProventiFinanziariProventiDiversiPrecedentiAltri', 'ProventiOneriFinanziariAltriProventiFinanziariProventiDiversiPrecedentiTotaleProventiDiversiPrecedenti']","ProventiOneriFinanziariAltriProventiFinanziariProventiDiversiPrecedenti","d) proventi diversi dai precedenti",4,"ProventiOneriFinanziariAltriProventiFinanziari","duration",0,,,335
263,"False","credit","[]","ProventiOneriFinanziariAltriProventiFinanziariProventiDiversiPrecedentiAltri","altri",4,"ProventiOneriFinanziariAltriProventiFinanziariProventiDiversiPrecedenti","duration",1,"ProventiOneriFinanziariAltriProventiFinanziariProventiDiversiPrecedentiTotaleProventiDiversiPrecedenti",6,339
264,"False","credit","[]","ProventiOneriFinanziariAltriProventiFinanziariProventiDiversiPrecedentiImpreseCollegate","da imprese collegate",2,"ProventiOneriFinanziariAltriProventiFinanziariProventiDiversiPrecedenti","duration",1,"ProventiOneriFinanziariAltriProventiFinanziariProventiDiversiPrecedentiTotaleProventiDiversiPrecedenti",6,337
265,"False","credit","[]","ProventiOneriFinanziariAltriProventiFinanziariProventiDiversiPrecedentiImpreseControllanti","da imprese controllanti",3,"ProventiOneriFinanziariAltriProventiFinanziariProventiDiversiPrecedenti","duration",1,"ProventiOneriFinanziariAltriProventiFinanziariProventiDiversiPrecedentiTotaleProventiDiversiPrecedenti",6,338
266,"False","credit","[]","ProventiOneriFinanziariAltriProventiFinanziariProventiDiversiPrecedentiImpreseControllate","da imprese controllate",1,"ProventiOneriFinanziariAltriProventiFinanziariProventiDiversiPrecedenti","duration",1,"ProventiOneriFinanziariAltriProventiFinanziariProventiDiversiPrecedentiTotaleProventiDiversiPrecedenti",6,336
267,"False","credit","[]","ProventiOneriFinanziariAltriProventiFinanziariProventiDiversiPrecedentiTotaleProventiDiversiPrecedenti","Totale proventi diversi dai precedenti",5,"ProventiOneriFinanziariAltriProventiFinanziariProventiDiversiPrecedenti","duration",1,"ProventiOneriFinanziariAltriProventiFinanziariTotaleAltriProventiFinanziari",5,340
268,"False","credit","[]","ProventiOneriFinanziariAltriProventiFinanziariTitoliIscrittiAttivoCircolanteNonCostituisconoPartecipazioni","c) da titoli iscritti nell'attivo circolante che non costituiscono partecipazioni",3,"ProventiOneriFinanziariAltriProventiFinanziari","duration",1,"ProventiOneriFinanziariAltriProventiFinanziariTotaleAltriProventiFinanziari",5,334
269,"False","credit","[]","ProventiOneriFinanziariAltriProventiFinanziariTitoliIscrittiImmobilizzazioniNonCostituisconoPartecipazioni","b) da titoli iscritti nelle immobilizzazioni che non costituiscono partecipazioni",2,"ProventiOneriFinanziariAltriProventiFinanziari","duration",1,"ProventiOneriFinanziariAltriProventiFinanziariTotaleAltriProventiFinanziari",5,333
270,"False","credit","[]","ProventiOneriFinanziariAltriProventiFinanziariTotaleAltriProventiFinanziari","Totale altri proventi finanziari",5,"ProventiOneriFinanziariAltriProventiFinanziari","duration",1,"TotaleProventiOneriFinanziari",4,341
271,"True",,"['ProventiOneriFinanziariInteressiAltriOneriFinanziariImpreseControllate', 'ProventiOneriFinanziariInteressiAltriOneriFinanziariImpreseCollegate', 'ProventiOneriFinanziariInteressiAltriOneriFinanziariImpreseControllanti', 'ProventiOneriFinanziariInteressiAltriOneriFinanziariAltri', 'ProventiOneriFinanziariInteressiAltriOneriFinanziariTotaleInteressiAltriOneriFinanziari']","ProventiOneriFinanziariInteressiAltriOneriFinanziari","17) interessi e altri oneri finanziari",3,"ProventiOneriFinanziari","duration",0,,,342
272,"False","debit","[]","ProventiOneriFinanziariInteressiAltriOneriFinanziariAltri","altri",4,"ProventiOneriFinanziariInteressiAltriOneriFinanziari","duration",1,"ProventiOneriFinanziariInteressiAltriOneriFinanziariTotaleInteressiAltriOneriFinanziari",5,346
273,"False","debit","[]","ProventiOneriFinanziariInteressiAltriOneriFinanziariImpreseCollegate","a imprese collegate",2,"ProventiOneriFinanziariInteressiAltriOneriFinanziari","duration",1,"ProventiOneriFinanziariInteressiAltriOneriFinanziariTotaleInteressiAltriOneriFinanziari",5,344
274,"False","debit","[]","ProventiOneriFinanziariInteressiAltriOneriFinanziariImpreseControllanti","a imprese controllanti",3,"ProventiOneriFinanziariInteressiAltriOneriFinanziari","duration",1,"ProventiOneriFinanziariInteressiAltriOneriFinanziariTotaleInteressiAltriOneriFinanziari",5,345
275,"False","debit","[]","ProventiOneriFinanziariInteressiAltriOneriFinanziariImpreseControllate","a imprese controllate",1,"ProventiOneriFinanziariInteressiAltriOneriFinanziari","duration",1,"ProventiOneriFinanziariInteressiAltriOneriFinanziariTotaleInteressiAltriOneriFinanziari",5,343
276,"False","debit","[]","ProventiOneriFinanziariInteressiAltriOneriFinanziariTotaleInteressiAltriOneriFinanziari","Totale interessi e altri oneri finanziari",5,"ProventiOneriFinanziariInteressiAltriOneriFinanziari","duration",-1,"TotaleProventiOneriFinanziari",4,347
277,"True",,"['ProventiOneriFinanziariProventiPartecipazioniImpreseControllate', 'ProventiOneriFinanziariProventiPartecipazioniImpreseCollegate', 'ProventiOneriFinanziariProventiPartecipazioniAltri', 'ProventiOneriFinanziariProventiPartecipazioniTotaleProventiPartecipazioni']","ProventiOneriFinanziariProventiPartecipazioni","15) proventi da partecipazioni",1,"ProventiOneriFinanziari","duration",0,,,321
278,"False","credit","[]","ProventiOneriFinanziariProventiPartecipazioniAltri","altri",3,"ProventiOneriFinanziariProventiPartecipazioni","duration",1,"ProventiOneriFinanziariProventiPartecipazioniTotaleProventiPartecipazioni",5,324
279,"False","credit","[]","ProventiOneriFinanziariProventiPartecipazioniImpreseCollegate","da imprese collegate",2,"ProventiOneriFinanziariProventiPartecipazioni","duration",1,"ProventiOneriFinanziariProventiPartecipazioniTotaleProventiPartecipazioni",5,323
280,"False","credit","[]","ProventiOneriFinanziariProventiPartecipazioniImpreseControllate","da imprese controllate",1,"ProventiOneriFinanziariProventiPartecipazioni","duration",1,"ProventiOneriFinanziariProventiPartecipazioniTotaleProventiPartecipazioni",5,322
281,"False","credit","[]","ProventiOneriFinanziariProventiPartecipazioniTotaleProventiPartecipazioni","Totale proventi da partecipazioni",4,"ProventiOneriFinanziariProventiPartecipazioni","duration",1,"TotaleProventiOneriFinanziari",4,325
282,"False","credit","[]","ProventiOneriFinanziariUtiliPerditeCambi","17-bis) utili e perdite su cambi",4,"ProventiOneriFinanziari","duration",1,"TotaleProventiOneriFinanziari",4,348
283,"True",,"['ProventiOneriStraordinariProventi', 'ProventiOneriStraordinariOneri', 'TotalePartiteStraordinarie']","ProventiOneriStraordinari","E) Proventi e oneri straordinari:",6,"ContoEconomico","duration",0,,,362
284,"True",,"['ProventiOneriStraordinariOneriMinusvalenzeAlienazioniCuiEffettiContabiliNonSonoIscrivibiliN14', 'ProventiOneriStraordinariOneriImposteRelativeEserciziPrecedenti', 'ProventiOneriStraordinariOneriDifferenzaArrotondamentoUnitaEuro', 'ProventiOneriStraordinariOneriAltri', 'ProventiOneriStraordinariOneriTotaleOneri']","ProventiOneriStraordinariOneri","21) oneri",2,"ProventiOneriStraordinari","duration",0,,,368
285,"False","debit","[]","ProventiOneriStraordinariOneriAltri","altri",4,"ProventiOneriStraordinariOneri","duration",1,"ProventiOneriStraordinariOneriTotaleOneri",5,372
286,"False","debit","[]","ProventiOneriStraordinariOneriDifferenzaArrotondamentoUnitaEuro","Differenza da arrotondamento all'unità di Euro",3,"ProventiOneriStraordinariOneri","duration",1,"ProventiOneriStraordinariOneriTotaleOneri",5,371
287,"False","debit","[]","ProventiOneriStraordinariOneriImposteRelativeEserciziPrecedenti","imposte relative ad esercizi precedenti",2,"ProventiOneriStraordinariOneri","duration",1,"ProventiOneriStraordinariOneriTotaleOneri",5,370
288,"False","debit","[]","ProventiOneriStraordinariOneriMinusvalenzeAlienazioniCuiEffettiContabiliNonSonoIscrivibiliN14","minusvalenze da alienazioni i cui effetti contabili non sono iscrivibili al n 14",1,"ProventiOneriStraordinariOneri","duration",1,"ProventiOneriStraordinariOneriTotaleOneri",5,369
289,"False","debit","[]","ProventiOneriStraordinariOneriTotaleOneri","Totale oneri",5,"ProventiOneriStraordinariOneri","duration",-1,"TotalePartiteStraordinarie",4,373
290,"True",,"['ProventiOneriStraordinariProventiPlusvalenzeAlienazioniCuiRicaviNonSonoIscrivibiliN5', 'ProventiOneriStraordinariProventiDifferenzaArrotondamentoUnitaEuro', 'ProventiOneriStraordinariProventiAltri', 'ProventiOneriStraordinariProventiTotaleProventi']","ProventiOneriStraordinariProventi","20) proventi",1,"ProventiOneriStraordinari","duration",0,,,363
291,"False","credit","[]","ProventiOneriStraordinariProventiAltri","altri",3,"ProventiOneriStraordinariProventi","duration",1,"ProventiOneriStraordinariProventiTotaleProventi",5,366
292,"False","credit","[]","ProventiOneriStraordinariProventiDifferenzaArrotondamentoUnitaEuro","Differenza da arrotondamento all'unità di Euro",2,"ProventiOneriStraordinariProventi","duration",1,"ProventiOneriStraordinariProventiTotaleProventi",5,365
293,"False","credit","[]","ProventiOneriStraordinariProventiPlusvalenzeAlienazioniCuiRicaviNonSonoIscrivibiliN5","plusvalenze da alienazioni i cui ricavi non sono iscrivibili al n 5",1,"ProventiOneriStraordinariProventi","duration",1,"ProventiOneriStraordinariProventiTotaleProventi",5,364
294,"False","credit","[]","ProventiOneriStraordinariProventiTotaleProventi","Totale proventi",4,"ProventiOneriStraordinariProventi","duration",1,"TotalePartiteStraordinarie",4,367
295,"True",,"['RettificheValoreAttivitaFinanziarieRivalutazioni', 'RettificheValoreAttivitaFinanziarieSvalutazioni', 'TotaleRettificheValoreAttivitaFinanziarie']","RettificheValoreAttivitaFinanziarie","D) Rettifiche di valore di attività finanziarie:",5,"ContoEconomico","duration",0,,,350
296,"True",,"['RettificheValoreAttivitaFinanziarieRivalutazioniPartecipazioni', 'RettificheValoreAttivitaFinanziarieRivalutazioniImmobilizzazioniFinanziarieNonCostituisconoPartecipazioni', 'RettificheValoreAttivitaFinanziarieRivalutazioniTitoliIscrittiAttivoCircolanteNonCostituisconoPartecipazioni', 'RettificheValoreAttivitaFinanziarieRivalutazioniTotaleRivalutazioni']","RettificheValoreAttivitaFinanziarieRivalutazioni","18) rivalutazioni:",1,"RettificheValoreAttivitaFinanziarie","duration",0,,,351
297,"False","credit","[]","RettificheValoreAttivitaFinanziarieRivalutazioniImmobilizzazioniFinanziarieNonCostituisconoPartecipazioni","b) di immobilizzazioni finanziarie che non costituiscono partecipazioni",2,"RettificheValoreAttivitaFinanziarieRivalutazioni","duration",1,"RettificheValoreAttivitaFinanziarieRivalutazioniTotaleRivalutazioni",5,353
298,"False","credit","[]","RettificheValoreAttivitaFinanziarieRivalutazioniPartecipazioni","a) di partecipazioni",1,"RettificheValoreAttivitaFinanziarieRivalutazioni","duration",1,"RettificheValoreAttivitaFinanziarieRivalutazioniTotaleRivalutazioni",5,352
299,"False","credit","[]","RettificheValoreAttivitaFinanziarieRivalutazioniTitoliIscrittiAttivoCircolanteNonCostituisconoPartecipazioni","c) di titoli iscritti all'attivo circolante che non costituiscono partecipazioni",3,"RettificheValoreAttivitaFinanziarieRivalutazioni","duration",1,"RettificheValoreAttivitaFinanziarieRivalutazioniTotaleRivalutazioni",5,354
300,"False","credit","[]","RettificheValoreAttivitaFinanziarieRivalutazioniTotaleRivalutazioni","Totale rivalutazioni",4,"RettificheValoreAttivitaFinanziarieRivalutazioni","duration",1,"TotaleRettificheValoreAttivitaFinanziarie",4,355
301,"True",,"['RettificheValoreAttivitaFinanziarieSvalutazioniPartecipazioni', 'RettificheValoreAttivitaFinanziarieSvalutazioniImmobilizzazioniFinanziarieNonCostituisconoPartecipazioni', 'RettificheValoreAttivitaFinanziarieSvalutazioniTitoliIscrittiAttivoCircolanteNonCostituisconoPartecipazioni', 'RettificheValoreAttivitaFinanziarieSvalutazioniTotaleSvalutazioni']","RettificheValoreAttivitaFinanziarieSvalutazioni","19) svalutazioni:",2,"RettificheValoreAttivitaFinanziarie","duration",0,,,356
302,"False","debit","[]","RettificheValoreAttivitaFinanziarieSvalutazioniImmobilizzazioniFinanziarieNonCostituisconoPartecipazioni","b) di immobilizzazioni finanziarie che non costituiscono partecipazioni",2,"RettificheValoreAttivitaFinanziarieSvalutazioni","duration",1,"RettificheValoreAttivitaFinanziarieSvalutazioniTotaleSvalutazioni",5,358
303,"False","debit","[]","RettificheValoreAttivitaFinanziarieSvalutazioniPartecipazioni","a) di partecipazioni",1,"RettificheValoreAttivitaFinanziarieSvalutazioni","duration",1,"RettificheValoreAttivitaFinanziarieSvalutazioniTotaleSvalutazioni",5,357
304,"False","debit","[]","RettificheValoreAttivitaFinanziarieSvalutazioniTitoliIscrittiAttivoCircolanteNonCostituisconoPartecipazioni","c) di titoli iscritti nell'attivo circolante che non costituiscono partecipazioni",3,"RettificheValoreAttivitaFinanziarieSvalutazioni","duration",1,"RettificheValoreAttivitaFinanziarieSvalutazioniTotaleSvalutazioni",5,359
305,"False","debit","[]","RettificheValoreAttivitaFinanziarieSvalutazioniTotaleSvalutazioni","Totale svalutazioni",4,"RettificheValoreAttivitaFinanziarieSvalutazioni","duration",-1,"TotaleRettificheValoreAttivitaFinanziarie",4,360
306,"True",,"['RimanenzeMateriePrimeSussidiarieConsumo', 'RimanenzeProdottiCorsoLavorazioneSemilavorati', 'RimanenzeLavoriCorsoOrdinazione', 'RimanenzeProdottiFinitiMerci', 'RimanenzeAcconti', 'TotaleRimanenze']","Rimanenze","I - Rimanenze",1,"AttivoCircolante","instant",0,,,75
307,"False","debit","[]","RimanenzeAcconti","5) acconti",5,"Rimanenze","instant",1,"TotaleRimanenze",4,80
308,"False","debit","[]","RimanenzeLavoriCorsoOrdinazione","3) lavori in corso su ordinazione",3,"Rimanenze","instant",1,"TotaleRimanenze",4,78
309,"False","debit","[]","RimanenzeMateriePrimeSussidiarieConsumo","1) materie prime, sussidiarie e di consumo",1,"Rimanenze","instant",1,"TotaleRimanenze",4,76
310,"False","debit","[]","RimanenzeProdottiCorsoLavorazioneSemilavorati","2) prodotti in corso di lavorazione e semilavorati",2,"Rimanenze","instant",1,"TotaleRimanenze",4,77
311,"False","debit","[]","RimanenzeProdottiFinitiMerci","4) prodotti finiti e merci",4,"Rimanenze","instant",1,"TotaleRimanenze",4,79
312,"True",,"['RischiAssuntiImpresaFideiussioni', 'RischiAssuntiImpresaAvalli', 'RischiAssuntiImpresaAltreGaranziePersonali', 'RischiAssuntiImpresaGaranzieReali', 'RischiAssuntiImpresaAltriRischi', 'TotaleRischiAssuntiImpresa']","RischiAssuntiImpresa","Rischi assunti dall'impresa",1,"ContiOrdine","instant",0,,,241
313,"True",,"['RischiAssuntiImpresaAltreGaranziePersonaliImpreseControllate', 'RischiAssuntiImpresaAltreGaranziePersonaliImpreseCollegate', 'RischiAssuntiImpresaAltreGaranziePersonaliImpreseControllanti', 'RischiAssuntiImpresaAltreGaranziePersonaliImpreseControllateControllanti', 'RischiAssuntiImpresaAltreGaranziePersonaliAltreImprese', 'RischiAssuntiImpresaAltreGaranziePersonaliTotaleAltreGaranziePersonali']","RischiAssuntiImpresaAltreGaranziePersonali","Altre garanzie personali",3,"RischiAssuntiImpresa","instant",0,,,256
314,"False",,"[]","RischiAssuntiImpresaAltreGaranziePersonaliAltreImprese","ad altre imprese",5,"RischiAssuntiImpresaAltreGaranziePersonali","instant",1,"RischiAssuntiImpresaAltreGaranziePersonaliTotaleAltreGaranziePersonali",4,261
315,"False",,"[]","RischiAssuntiImpresaAltreGaranziePersonaliImpreseCollegate","a imprese collegate",2,"RischiAssuntiImpresaAltreGaranziePersonali","instant",1,"RischiAssuntiImpresaAltreGaranziePersonaliTotaleAltreGaranziePersonali",4,258
316,"False",,"[]","RischiAssuntiImpresaAltreGaranziePersonaliImpreseControllanti","a imprese controllanti",3,"RischiAssuntiImpresaAltreGaranziePersonali","instant",1,"RischiAssuntiImpresaAltreGaranziePersonaliTotaleAltreGaranziePersonali",4,259
317,"False",,"[]","RischiAssuntiImpresaAltreGaranziePersonaliImpreseControllate","a imprese controllate",1,"RischiAssuntiImpresaAltreGaranziePersonali","instant",1,"RischiAssuntiImpresaAltreGaranziePersonaliTotaleAltreGaranziePersonali",4,257
318,"False",,"[]","RischiAssuntiImpresaAltreGaranziePersonaliImpreseControllateControllanti","a imprese controllate da controllanti",4,"RischiAssuntiImpresaAltreGaranziePersonali","instant",1,"RischiAssuntiImpresaAltreGaranziePersonaliTotaleAltreGaranziePersonali",4,260
319,"False",,"[]","RischiAssuntiImpresaAltreGaranziePersonaliTotaleAltreGaranziePersonali","Totale altre garanzie personali",6,"RischiAssuntiImpresaAltreGaranziePersonali","instant",1,"TotaleRischiAssuntiImpresa",3,262
320,"True",,"['RischiAssuntiImpresaAltriRischiCreditiCedutiProSolvendo', 'RischiAssuntiImpresaAltriRischiAltri', 'RischiAssuntiImpresaAltriRischiTotaleAltriRischi']","RischiAssuntiImpresaAltriRischi","Altri rischi",5,"RischiAssuntiImpresa","instant",0,,,270
321,"False",,"[]","RischiAssuntiImpresaAltriRischiAltri","altri",2,"RischiAssuntiImpresaAltriRischi","instant",1,"RischiAssuntiImpresaAltriRischiTotaleAltriRischi",4,272
322,"False",,"[]","RischiAssuntiImpresaAltriRischiCreditiCedutiProSolvendo","crediti ceduti pro solvendo",1,"RischiAssuntiImpresaAltriRischi","instant",1,"RischiAssuntiImpresaAltriRischiTotaleAltriRischi",4,271
323,"False",,"[]","RischiAssuntiImpresaAltriRischiTotaleAltriRischi","Totale altri rischi",3,"RischiAssuntiImpresaAltriRischi","instant",1,"TotaleRischiAssuntiImpresa",3,273
324,"True",,"['RischiAssuntiImpresaAvalliImpreseControllate', 'RischiAssuntiImpresaAvalliImpreseCollegate', 'RischiAssuntiImpresaAvalliImpreseControllanti', 'RischiAssuntiImpresaAvalliImpreseControllateControllanti', 'RischiAssuntiImpresaAvalliAltreImprese', 'RischiAssuntiImpresaAvalliTotaleAvalli']","RischiAssuntiImpresaAvalli","Avalli",2,"RischiAssuntiImpresa","instant",0,,,249
325,"False",,"[]","RischiAssuntiImpresaAvalliAltreImprese","ad altre imprese",5,"RischiAssuntiImpresaAvalli","instant",1,"RischiAssuntiImpresaAvalliTotaleAvalli",4,254
326,"False",,"[]","RischiAssuntiImpresaAvalliImpreseCollegate","a imprese collegate",2,"RischiAssuntiImpresaAvalli","instant",1,"RischiAssuntiImpresaAvalliTotaleAvalli",4,251
327,"False",,"[]","RischiAssuntiImpresaAvalliImpreseControllanti","a imprese controllanti",3,"RischiAssuntiImpresaAvalli","instant",1,"RischiAssuntiImpresaAvalliTotaleAvalli",4,252
328,"False",,"[]","RischiAssuntiImpresaAvalliImpreseControllate","a imprese controllate",1,"RischiAssuntiImpresaAvalli","instant",1,"RischiAssuntiImpresaAvalliTotaleAvalli",4,250
329,"False",,"[]","RischiAssuntiImpresaAvalliImpreseControllateControllanti","a imprese controllate da controllanti",4,"RischiAssuntiImpresaAvalli","instant",1,"RischiAssuntiImpresaAvalliTotaleAvalli",4,253
330,"False",,"[]","RischiAssuntiImpresaAvalliTotaleAvalli","Totale avalli",6,"RischiAssuntiImpresaAvalli","instant",1,"TotaleRischiAssuntiImpresa",3,255
331,"True",,"['RischiAssuntiImpresaFideiussioniImpreseControllate', 'RischiAssuntiImpresaFideiussioniImpreseCollegate', 'RischiAssuntiImpresaFideiussioniImpreseControllanti', 'RischiAssuntiImpresaFideiussioniImpreseControllateControllanti', 'RischiAssuntiImpresaFideiussioniAltreImprese', 'RischiAssuntiImpresaFideiussioniTotaleFideiussioni']","RischiAssuntiImpresaFideiussioni","Fideiussioni",1,"RischiAssuntiImpresa","instant",0,,,242
332,"False",,"[]","RischiAssuntiImpresaFideiussioniAltreImprese","ad altre imprese",5,"RischiAssuntiImpresaFideiussioni","instant",1,"RischiAssuntiImpresaFideiussioniTotaleFideiussioni",4,247
333,"False",,"[]","RischiAssuntiImpresaFideiussioniImpreseCollegate","a imprese collegate",2,"RischiAssuntiImpresaFideiussioni","instant",1,"RischiAssuntiImpresaFideiussioniTotaleFideiussioni",4,244
334,"False",,"[]","RischiAssuntiImpresaFideiussioniImpreseControllanti","a imprese controllanti",3,"RischiAssuntiImpresaFideiussioni","instant",1,"RischiAssuntiImpresaFideiussioniTotaleFideiussioni",4,245
335,"False",,"[]","RischiAssuntiImpresaFideiussioniImpreseControllate","a imprese controllate",1,"RischiAssuntiImpresaFideiussioni","instant",1,"RischiAssuntiImpresaFideiussioniTotaleFideiussioni",4,243
336,"False",,"[]","RischiAssuntiImpresaFideiussioniImpreseControllateControllanti","a imprese controllate da controllanti",4,"RischiAssuntiImpresaFideiussioni","instant",1,"RischiAssuntiImpresaFideiussioniTotaleFideiussioni",4,246
337,"False",,"[]","RischiAssuntiImpresaFideiussioniTotaleFideiussioni","Totale fideiussioni",6,"RischiAssuntiImpresaFideiussioni","instant",1,"TotaleRischiAssuntiImpresa",3,248
338,"True",,"['RischiAssuntiImpresaGaranzieRealiImpreseControllate', 'RischiAssuntiImpresaGaranzieRealiImpreseCollegate', 'RischiAssuntiImpresaGaranzieRealiImpreseControllanti', 'RischiAssuntiImpresaGaranzieRealiImpreseControllateControllanti', 'RischiAssuntiImpresaGaranzieRealiAltreImprese', 'RischiAssuntiImpresaGaranzieRealiTotaleGaranzieReali']","RischiAssuntiImpresaGaranzieReali","Garanzie reali",4,"RischiAssuntiImpresa","instant",0,,,263
339,"False",,"[]","RischiAssuntiImpresaGaranzieRealiAltreImprese","ad altre imprese",5,"RischiAssuntiImpresaGaranzieReali","instant",1,"RischiAssuntiImpresaGaranzieRealiTotaleGaranzieReali",4,268
340,"False",,"[]","RischiAssuntiImpresaGaranzieRealiImpreseCollegate","a imprese collegate",2,"RischiAssuntiImpresaGaranzieReali","instant",1,"RischiAssuntiImpresaGaranzieRealiTotaleGaranzieReali",4,265
341,"False",,"[]","RischiAssuntiImpresaGaranzieRealiImpreseControllanti","a imprese controllanti",3,"RischiAssuntiImpresaGaranzieReali","instant",1,"RischiAssuntiImpresaGaranzieRealiTotaleGaranzieReali",4,266
342,"False",,"[]","RischiAssuntiImpresaGaranzieRealiImpreseControllate","a imprese controllate",1,"RischiAssuntiImpresaGaranzieReali","instant",1,"RischiAssuntiImpresaGaranzieRealiTotaleGaranzieReali",4,264
343,"False",,"[]","RischiAssuntiImpresaGaranzieRealiImpreseControllateControllanti","a imprese controllate da controllanti",4,"RischiAssuntiImpresaGaranzieReali","instant",1,"RischiAssuntiImpresaGaranzieRealiTotaleGaranzieReali",4,267
344,"False",,"[]","RischiAssuntiImpresaGaranzieRealiTotaleGaranzieReali","Totale garanzie reali",6,"RischiAssuntiImpresaGaranzieReali","instant",1,"TotaleRischiAssuntiImpresa",3,269
345,"False","credit","[]","RisultatoPrimaImposte","Risultato prima delle imposte (A - B + - C + - D + - E)",7,"ContoEconomico","duration",1,"UtilePerditaEsercizio",2,375
346,"True",,"['Attivo', 'Passivo']","StatoPatrimoniale","Stato patrimoniale",0,,"instant",0,,,21
347,"False",,"[]","TotaleAltriContiOrdine","Totale altri conti d'ordine",1,"AltriContiOrdine","instant",1,"TotaleContiOrdine",2,284
348,"False","debit","[]","TotaleAttivitaFinanziarieNonCostituisconoImmobilizzazioni","Totale attività finanziarie che non costituiscono immobilizzazioni",7,"AttivitaFinanziarieNonCostituisconoImmobilizzazioni","instant",1,"TotaleAttivoCircolante",3,120
349,"False","debit","[]","TotaleAttivo","Totale attivo",5,"Attivo","instant",0,,1,131
350,"False","debit","[]","TotaleAttivoCircolante","Totale attivo circolante (C)",5,"AttivoCircolante","instant",1,"TotaleAttivo",2,126
351,"False",,"[]","TotaleBeniTerziPressoImpresa","Totale beni di terzi presso l'impresa",5,"BeniTerziPressoImpresa","instant",1,"TotaleContiOrdine",2,282
352,"False",,"[]","TotaleContiOrdine","Totale conti d'ordine",5,"ContiOrdine","instant",0,,1,285
353,"False","debit","[]","TotaleCostiProduzione","Totale costi della produzione",10,"CostiProduzione","duration",-1,"DifferenzaValoreCostiProduzione",4,299
354,"False","debit","[]","TotaleCrediti","Totale crediti",8,"Crediti","instant",1,"TotaleAttivoCircolante",3,111
355,"False","debit","[]","TotaleCreditiVersoSociVersamentiAncoraDovuti","Totale crediti verso soci per versamenti ancora dovuti (A)",3,"CreditiVersoSociVersamentiAncoraDovuti","instant",1,"TotaleAttivo",2,26
356,"False","credit","[]","TotaleDebiti","Totale debiti",15,"Debiti","instant",1,"TotalePassivo",2,202
357,"False","debit","[]","TotaleDisponibilitaLiquide","Totale disponibilità liquide",4,"DisponibilitaLiquide","instant",1,"TotaleAttivoCircolante",3,125
358,"False","credit","[]","TotaleFondiRischiOneri","Totale fondi per rischi ed oneri",4,"FondiRischiOneri","instant",1,"TotalePassivo",2,175
359,"False","debit","[]","TotaleImmobilizzazioni","Totale immobilizzazioni (B)",4,"Immobilizzazioni","instant",1,"TotaleAttivo",2,73
360,"False","debit","[]","TotaleImmobilizzazioniFinanziarie","Totale immobilizzazioni finanziarie",5,"ImmobilizzazioniFinanziarie","instant",1,"TotaleImmobilizzazioni",3,72
361,"False","debit","[]","TotaleImmobilizzazioniImmateriali","Totale immobilizzazioni immateriali",8,"ImmobilizzazioniImmateriali","instant",1,"TotaleImmobilizzazioni",3,36
362,"False","debit","[]","TotaleImmobilizzazioniMateriali","Totale immobilizzazioni materiali",6,"ImmobilizzazioniMateriali","instant",1,"TotaleImmobilizzazioni",3,43
363,"False",,"[]","TotaleImpegniAssuntiImpresa","Totale impegni assunti dall'impresa",1,"ImpegniAssuntiImpresa","instant",1,"TotaleContiOrdine",2,276
364,"False","credit","[]","TotalePartiteStraordinarie","Totale delle partite straordinarie (20 - 21)",3,"ProventiOneriStraordinari","duration",1,"RisultatoPrimaImposte",3,374
365,"False","credit","[]","TotalePassivo","Totale passivo",6,"Passivo","instant",0,,1,239
366,"False","credit","[]","TotalePatrimonioNetto","Totale patrimonio netto",10,"PatrimonioNetto","instant",1,"TotalePassivo",2,135
367,"False","credit","[]","TotaleProventiOneriFinanziari","Totale proventi e oneri finanziari (15 + 16 - 17 + - 17-bis)",5,"ProventiOneriFinanziari","duration",1,"RisultatoPrimaImposte",3,349
368,"False","credit","[]","TotaleRettificheValoreAttivitaFinanziarie","Totale delle rettifiche di valore di attività finanziarie (18 - 19)",3,"RettificheValoreAttivitaFinanziarie","duration",1,"RisultatoPrimaImposte",3,361
369,"False","debit","[]","TotaleRimanenze","Totale rimanenze",6,"Rimanenze","instant",1,"TotaleAttivoCircolante",3,81
370,"False",,"[]","TotaleRischiAssuntiImpresa","Totale rischi assunti dall'impresa",6,"RischiAssuntiImpresa","instant",1,"TotaleContiOrdine",2,274
371,"False","credit","[]","TotaleValoreProduzione","Totale valore della produzione",6,"ValoreProduzione","duration",1,"DifferenzaValoreCostiProduzione",4,296
372,"False","credit","[]","TrattamentoFineRapportoLavoroSubordinato","C) Trattamento di fine rapporto di lavoro subordinato",3,"Passivo","instant",1,"TotalePassivo",2,176
373,"False","credit","[]","UtilePerditaEsercizio","23) Utile (perdita) dell'esercizio",9,"ContoEconomico","duration",0,,1,382
374,"True",,"['ValoreProduzioneRicaviVenditePrestazioni', 'ValoreProduzioneVariazioniRimanenzeProdottiCorsoLavorazioneSemilavoratiFiniti', 'ValoreProduzioneVariazioniLavoriCorsoOrdinazione', 'ValoreProduzioneIncrementiImmobilizzazioniLavoriInterni', 'ValoreProduzioneAltriRicaviProventi', 'TotaleValoreProduzione']","ValoreProduzione","A) Valore della produzione:",1,"ContoEconomico","duration",0,,,287
375,"True",,"['ValoreProduzioneAltriRicaviProventiContributiContoEsercizio', 'ValoreProduzioneAltriRicaviProventiAltri', 'ValoreProduzioneAltriRicaviProventiTotaleAltriRicaviProventi']","ValoreProduzioneAltriRicaviProventi","5) altri ricavi e proventi",5,"ValoreProduzione","duration",0,,,292
376,"False","credit","[]","ValoreProduzioneAltriRicaviProventiAltri","altri",2,"ValoreProduzioneAltriRicaviProventi","duration",1,"ValoreProduzioneAltriRicaviProventiTotaleAltriRicaviProventi",6,294
377,"False","credit","[]","ValoreProduzioneAltriRicaviProventiContributiContoEsercizio","contributi in conto esercizio",1,"ValoreProduzioneAltriRicaviProventi","duration",1,"ValoreProduzioneAltriRicaviProventiTotaleAltriRicaviProventi",6,293
378,"False","credit","[]","ValoreProduzioneAltriRicaviProventiTotaleAltriRicaviProventi","Totale altri ricavi e proventi",3,"ValoreProduzioneAltriRicaviProventi","duration",1,"TotaleValoreProduzione",5,295
379,"False","credit","[]","ValoreProduzioneIncrementiImmobilizzazioniLavoriInterni","4) incrementi di immobilizzazioni per lavori interni",4,"ValoreProduzione","duration",1,"TotaleValoreProduzione",5,291
380,"False","credit","[]","ValoreProduzioneRicaviVenditePrestazioni","1) ricavi delle vendite e delle prestazioni",1,"ValoreProduzione","duration",1,"TotaleValoreProduzione",5,288
381,"False","credit","[]","ValoreProduzioneVariazioniLavoriCorsoOrdinazione","3) variazioni dei lavori in corso su ordinazione",3,"ValoreProduzione","duration",1,"TotaleValoreProduzione",5,290
382,"False","credit","[]","ValoreProduzioneVariazioniRimanenzeProdottiCorsoLavorazioneSemilavoratiFiniti","2) variazioni delle rimanenze di prodotti in corso di lavorazione, semilavorati e finiti",2,"ValoreProduzione","duration",1,"TotaleValoreProduzione",5,289
