,"abstract","balance","children","name","label","order","parent","period","weight","cal_parent","_OR_"
0,"False",,"['InformazioniGeneraliImpresa', 'StatoPatrimoniale', 'ContiOrdine', 'ContoEconomico']","False",,0,,,1,,0
1,"True",,"['TotaleAltriContiOrdine']","AltriContiOrdine","Altri conti d'ordine",4,"ContiOrdine","instant",0,,152
2,"True",,"['TotaleAttivitaFinanziarieNonCostituisconoImmobilizzazioni']","AttivitaFinanziarieNonCostituisconoImmobilizzazioni","III - Attività finanziarie che non costituiscono immobilizzazioni",3,"AttivoCircolante","instant",0,,53
3,"True",,"['CreditiVersoSociVersamentiAncoraDovuti', 'Immobilizzazioni', 'AttivoCircolante', 'AttivoRateiRisconti', 'TotaleAttivo']","Attivo","Attivo",1,"StatoPatrimoniale","instant",0,,22
4,"True",,"['Rimanenze', 'Crediti', 'AttivitaFinanziarieNonCostituisconoImmobilizzazioni', 'DisponibilitaLiquide', 'TotaleAttivoCircolante']","AttivoCircolante","C) Attivo circolante",3,"Attivo","instant",0,,46
5,"True",,"['AttivoRateiRiscontiTotaleRateiRisconti']","AttivoRateiRisconti","D) Ratei e risconti",4,"Attivo","instant",0,,58
6,"False","debit","[]","AttivoRateiRiscontiTotaleRateiRisconti","Totale ratei e risconti (D)",1,"AttivoRateiRisconti","instant",1,"TotaleAttivo",59
7,"True",,"['BeniTerziPressoImpresaMerciContoLavorazione', 'BeniTerziPressoImpresaBeniPressoImpresaTitoloDepositoComodato', 'BeniTerziPressoImpresaBeniPressoImpresaPegnoCauzione', 'BeniTerziPressoImpresaAltro', 'TotaleBeniTerziPressoImpresa']","BeniTerziPressoImpresa","Beni di terzi presso l'impresa",3,"ContiOrdine","instant",0,,146
8,"False",,"[]","BeniTerziPressoImpresaAltro","altro",4,"BeniTerziPressoImpresa","instant",1,"TotaleBeniTerziPressoImpresa",150
9,"False",,"[]","BeniTerziPressoImpresaBeniPressoImpresaPegnoCauzione","beni presso l'impresa in pegno o cauzione",3,"BeniTerziPressoImpresa","instant",1,"TotaleBeniTerziPressoImpresa",149
10,"False",,"[]","BeniTerziPressoImpresaBeniPressoImpresaTitoloDepositoComodato","beni presso l'impresa a titolo di deposito o comodato",2,"BeniTerziPressoImpresa","instant",1,"TotaleBeniTerziPressoImpresa",148
11,"False",,"[]","BeniTerziPressoImpresaMerciContoLavorazione","merci in conto lavorazione",1,"BeniTerziPressoImpresa","instant",1,"TotaleBeniTerziPressoImpresa",147
12,"True",,"['RischiAssuntiImpresa', 'ImpegniAssuntiImpresa', 'BeniTerziPressoImpresa', 'AltriContiOrdine', 'TotaleContiOrdine']","ContiOrdine","Conti d'ordine",0,,"instant",0,,109
13,"True",,"['ValoreProduzione', 'CostiProduzione', 'DifferenzaValoreCostiProduzione', 'ProventiOneriFinanziari', 'RettificheValoreAttivitaFinanziarie', 'ProventiOneriStraordinari', 'RisultatoPrimaImposte', 'ImposteRedditoEsercizioCorrentiDifferiteAnticipate', 'UtilePerditaEsercizio']","ContoEconomico","Conto economico",0,,"duration",0,,155
14,"True",,"['CostiProduzioneMateriePrimeSussidiarieConsumoMerci', 'TotaleCostiProduzione', 'CostiProduzioneServizi', 'CostiProduzioneGodimentoBeniTerzi', 'CostiProduzionePersonale', 'CostiProduzioneAmmortamentiSvalutazioni', 'CostiProduzioneVariazioniRimanenzeMateriePrimeSussidiarieConsumoMerci', 'CostiProduzioneAccantonamentiRischi', 'CostiProduzioneAltriAccantonamenti', 'CostiProduzioneOneriDiversiGestione']","CostiProduzione","B) Costi della produzione:",2,"ContoEconomico","duration",0,,167
15,"False","debit","[]","CostiProduzioneAccantonamentiRischi","12) accantonamenti per rischi",7,"CostiProduzione","duration",1,"TotaleCostiProduzione",188
16,"False","debit","[]","CostiProduzioneAltriAccantonamenti","13) altri accantonamenti",8,"CostiProduzione","duration",1,"TotaleCostiProduzione",189
17,"True",,"['CostiProduzioneAmmortamentiSvalutazioniAmmortamentoImmobilizzazioniImmaterialiMaterialiAltreSvalutazioniImmobilizzazioni', 'CostiProduzioneAmmortamentiSvalutazioniSvalutazioniCreditiCompresiAttivoCircolanteDisponibilitaLiquide', 'CostiProduzioneAmmortamentiSvalutazioniTotaleAmmortamentiSvalutazioni']","CostiProduzioneAmmortamentiSvalutazioni","10) ammortamenti e svalutazioni:",5,"CostiProduzione","duration",0,,180
18,"False","debit","[]","CostiProduzioneAmmortamentiSvalutazioniAltreSvalutazioniImmobilizzazioni","c) altre svalutazioni delle immobilizzazioni",3,"CostiProduzioneAmmortamentiSvalutazioniAmmortamentoImmobilizzazioniImmaterialiMaterialiAltreSvalutazioniImmobilizzazioni","duration",1,"CostiProduzioneAmmortamentiSvalutazioniAmmortamentoImmobilizzazioniImmaterialiMaterialiAltreSvalutazioniImmobilizzazioni",184
19,"False","debit","[]","CostiProduzioneAmmortamentiSvalutazioniAmmortamentoImmobilizzazioniImmateriali","a) ammortamento delle immobilizzazioni immateriali",1,"CostiProduzioneAmmortamentiSvalutazioniAmmortamentoImmobilizzazioniImmaterialiMaterialiAltreSvalutazioniImmobilizzazioni","duration",1,"CostiProduzioneAmmortamentiSvalutazioniAmmortamentoImmobilizzazioniImmaterialiMaterialiAltreSvalutazioniImmobilizzazioni",182
20,"False","debit","['CostiProduzioneAmmortamentiSvalutazioniAmmortamentoImmobilizzazioniImmateriali', 'CostiProduzioneAmmortamentiSvalutazioniAmmortamentoImmobilizzazioniMateriali', 'CostiProduzioneAmmortamentiSvalutazioniAltreSvalutazioniImmobilizzazioni']","CostiProduzioneAmmortamentiSvalutazioniAmmortamentoImmobilizzazioniImmaterialiMaterialiAltreSvalutazioniImmobilizzazioni","a), b), c) ammortamento delle immobilizzazioni immateriali e materiali, altre svalutazioni delle immobilizzazioni",1,"CostiProduzioneAmmortamentiSvalutazioni","duration",1,"CostiProduzioneAmmortamentiSvalutazioniTotaleAmmortamentiSvalutazioni",181
21,"False","debit","[]","CostiProduzioneAmmortamentiSvalutazioniAmmortamentoImmobilizzazioniMateriali","b) ammortamento delle immobilizzazioni materiali",2,"CostiProduzioneAmmortamentiSvalutazioniAmmortamentoImmobilizzazioniImmaterialiMaterialiAltreSvalutazioniImmobilizzazioni","duration",1,"CostiProduzioneAmmortamentiSvalutazioniAmmortamentoImmobilizzazioniImmaterialiMaterialiAltreSvalutazioniImmobilizzazioni",183
22,"False","debit","[]","CostiProduzioneAmmortamentiSvalutazioniSvalutazioniCreditiCompresiAttivoCircolanteDisponibilitaLiquide","d) svalutazioni dei crediti compresi nell'attivo circolante e delle disponibilità liquide",2,"CostiProduzioneAmmortamentiSvalutazioni","duration",1,"CostiProduzioneAmmortamentiSvalutazioniTotaleAmmortamentiSvalutazioni",185
23,"False","debit","[]","CostiProduzioneAmmortamentiSvalutazioniTotaleAmmortamentiSvalutazioni","Totale ammortamenti e svalutazioni",3,"CostiProduzioneAmmortamentiSvalutazioni","duration",1,"TotaleCostiProduzione",186
24,"False","debit","[]","CostiProduzioneGodimentoBeniTerzi","8) per godimento di beni di terzi",3,"CostiProduzione","duration",1,"TotaleCostiProduzione",171
25,"False","debit","[]","CostiProduzioneMateriePrimeSussidiarieConsumoMerci","6) per materie prime, sussidiarie, di consumo e di merci",1,"CostiProduzione","duration",1,"TotaleCostiProduzione",168
26,"False","debit","[]","CostiProduzioneOneriDiversiGestione","14) oneri diversi di gestione",9,"CostiProduzione","duration",1,"TotaleCostiProduzione",190
27,"True",,"['CostiProduzionePersonaleSalariStipendi', 'CostiProduzionePersonaleOneriSociali', 'CostiProduzionePersonaleTrattamentoFineRapportoTrattamentoQuiescenzaAltriCostiPersonale', 'CostiProduzionePersonaleTotaleCostiPersonale']","CostiProduzionePersonale","9) per il personale:",4,"CostiProduzione","duration",0,,172
28,"False","debit","[]","CostiProduzionePersonaleAltriCosti","e) altri costi",3,"CostiProduzionePersonaleTrattamentoFineRapportoTrattamentoQuiescenzaAltriCostiPersonale","duration",1,"CostiProduzionePersonaleTrattamentoFineRapportoTrattamentoQuiescenzaAltriCostiPersonale",178
29,"False","debit","[]","CostiProduzionePersonaleOneriSociali","b) oneri sociali",2,"CostiProduzionePersonale","duration",1,"CostiProduzionePersonaleTotaleCostiPersonale",174
30,"False","debit","[]","CostiProduzionePersonaleSalariStipendi","a) salari e stipendi",1,"CostiProduzionePersonale","duration",1,"CostiProduzionePersonaleTotaleCostiPersonale",173
31,"False","debit","[]","CostiProduzionePersonaleTotaleCostiPersonale","Totale costi per il personale",4,"CostiProduzionePersonale","duration",1,"TotaleCostiProduzione",179
32,"False","debit","[]","CostiProduzionePersonaleTrattamentoFineRapporto","c) trattamento di fine rapporto",1,"CostiProduzionePersonaleTrattamentoFineRapportoTrattamentoQuiescenzaAltriCostiPersonale","duration",1,"CostiProduzionePersonaleTrattamentoFineRapportoTrattamentoQuiescenzaAltriCostiPersonale",176
33,"False","debit","['CostiProduzionePersonaleTrattamentoFineRapporto', 'CostiProduzionePersonaleTrattamentoQuiescenzaSimili', 'CostiProduzionePersonaleAltriCosti']","CostiProduzionePersonaleTrattamentoFineRapportoTrattamentoQuiescenzaAltriCostiPersonale","c), d), e) trattamento di fine rapporto, trattamento di quiescenza, altri costi del personale",3,"CostiProduzionePersonale","duration",1,"CostiProduzionePersonaleTotaleCostiPersonale",175
34,"False","debit","[]","CostiProduzionePersonaleTrattamentoQuiescenzaSimili","d) trattamento di quiescenza e simili",2,"CostiProduzionePersonaleTrattamentoFineRapportoTrattamentoQuiescenzaAltriCostiPersonale","duration",1,"CostiProduzionePersonaleTrattamentoFineRapportoTrattamentoQuiescenzaAltriCostiPersonale",177
35,"False","debit","[]","CostiProduzioneServizi","7) per servizi",2,"CostiProduzione","duration",1,"TotaleCostiProduzione",170
36,"False","debit","[]","CostiProduzioneVariazioniRimanenzeMateriePrimeSussidiarieConsumoMerci","11) variazioni delle rimanenze di materie prime, sussidiarie, di consumo e merci",6,"CostiProduzione","duration",1,"TotaleCostiProduzione",187
37,"True",,"['CreditiEsigibiliEntroEsercizioSuccessivo', 'CreditiEsigibiliOltreEsercizioSuccessivo', 'TotaleCrediti']","Crediti","II - Crediti",2,"AttivoCircolante","instant",0,,49
38,"False","debit","[]","CreditiEsigibiliEntroEsercizioSuccessivo","esigibili entro l'esercizio successivo",1,"Crediti","instant",1,"TotaleCrediti",50
39,"False","debit","[]","CreditiEsigibiliOltreEsercizioSuccessivo","esigibili oltre l'esercizio successivo",2,"Crediti","instant",1,"TotaleCrediti",51
40,"True",,"['CreditiVersoSociVersamentiAncoraDovutiParteRichiamata', 'CreditiVersoSociVersamentiAncoraDovutiParteRichiamare', 'TotaleCreditiVersoSociVersamentiAncoraDovuti']","CreditiVersoSociVersamentiAncoraDovuti","A) Crediti verso soci per versamenti ancora dovuti",1,"Attivo","instant",0,,23
41,"False","debit","[]","CreditiVersoSociVersamentiAncoraDovutiParteRichiamare","Parte da richiamare",2,"CreditiVersoSociVersamentiAncoraDovuti","instant",1,"TotaleCreditiVersoSociVersamentiAncoraDovuti",25
42,"False","debit","[]","CreditiVersoSociVersamentiAncoraDovutiParteRichiamata","Parte richiamata",1,"CreditiVersoSociVersamentiAncoraDovuti","instant",1,"TotaleCreditiVersoSociVersamentiAncoraDovuti",24
43,"True",,"['DatiAnagraficiDenominazione', 'DatiAnagraficiSettoreAttivitaPrevalenteAteco', 'DatiAnagraficiSocietaLiquidazione', 'DatiAnagraficiSocietaConSocioUnico', 'DatiAnagraficiSocietaSottopostaAltruiAttivitaDirezioneCoordinamento', 'DatiAnagraficiDenominazioneSocietaEnteEsercitaAttivitaDirezioneCoordinamento', 'DatiAnagraficiAppartenenzaGruppo', 'DatiAnagraficiDenominazioneSocietaCapogruppo', 'DatiAnagraficiPaeseCapogruppo', 'DatiAnagraficiNumeroIscrizioneAlboCooperative', 'DatiAnagraficiSede', 'DatiAnagraficiCapitaleSociale', 'DatiAnagraficiCapitaleSocialeInteramenteVersato', 'DatiAnagraficiCodiceCciaa', 'DatiAnagraficiPartitaIva', 'DatiAnagraficiCodiceFiscale', 'DatiAnagraficiNumeroRea', 'DatiAnagraficiFormaGiuridica']","DatiAnagrafici","Dati anagrafici",1,"InformazioniGeneraliImpresa","instant",0,,2
44,"False",,"[]","DatiAnagraficiAppartenenzaGruppo","appartenenza a un gruppo",15,"DatiAnagrafici","instant",0,,9
45,"False",,"[]","DatiAnagraficiCapitaleSociale","capitale sociale",3,"DatiAnagrafici","instant",0,,14
46,"False",,"[]","DatiAnagraficiCapitaleSocialeInteramenteVersato","capitale sociale interamente versato",4,"DatiAnagrafici","instant",0,,15
47,"False",,"[]","DatiAnagraficiCodiceCciaa","codice CCIAA",5,"DatiAnagrafici","instant",0,,16
48,"False",,"[]","DatiAnagraficiCodiceFiscale","codice fiscale",7,"DatiAnagrafici","instant",0,,18
49,"False",,"[]","DatiAnagraficiDenominazione","denominazione",1,"DatiAnagrafici","instant",0,,3
50,"False",,"[]","DatiAnagraficiDenominazioneSocietaCapogruppo","denominazione della società capogruppo",16,"DatiAnagrafici","instant",0,,10
51,"False",,"[]","DatiAnagraficiDenominazioneSocietaEnteEsercitaAttivitaDirezioneCoordinamento","denominazione della società o ente che esercita l'attività di direzione e coordinamento",14,"DatiAnagrafici","instant",0,,8
52,"False",,"[]","DatiAnagraficiFormaGiuridica","forma giuridica",9,"DatiAnagrafici","instant",0,,20
53,"False",,"[]","DatiAnagraficiNumeroIscrizioneAlboCooperative","numero di iscrizione all'albo delle cooperative",18,"DatiAnagrafici","instant",0,,12
54,"False",,"[]","DatiAnagraficiNumeroRea","numero REA",8,"DatiAnagrafici","instant",0,,19
55,"False",,"[]","DatiAnagraficiPaeseCapogruppo","paese della capogruppo",17,"DatiAnagrafici","instant",0,,11
56,"False",,"[]","DatiAnagraficiPartitaIva","partita IVA",6,"DatiAnagrafici","instant",0,,17
57,"False",,"[]","DatiAnagraficiSede","sede",2,"DatiAnagrafici","instant",0,,13
58,"False",,"[]","DatiAnagraficiSettoreAttivitaPrevalenteAteco","settore di attività prevalente (ATECO)",10,"DatiAnagrafici","instant",0,,4
59,"False",,"[]","DatiAnagraficiSocietaConSocioUnico","società con socio unico",12,"DatiAnagrafici","instant",0,,6
60,"False",,"[]","DatiAnagraficiSocietaLiquidazione","società in liquidazione",11,"DatiAnagrafici","instant",0,,5
61,"False",,"[]","DatiAnagraficiSocietaSottopostaAltruiAttivitaDirezioneCoordinamento","società sottoposta ad altrui attività di direzione e coordinamento",13,"DatiAnagrafici","instant",0,,7
62,"True",,"['DebitiEsigibiliEntroEsercizioSuccessivo', 'DebitiEsigibiliOltreEsercizioSuccessivo', 'TotaleDebiti']","Debiti","D) Debiti",4,"Passivo","instant",0,,102
63,"False","credit","[]","DebitiEsigibiliEntroEsercizioSuccessivo","esigibili entro l'esercizio successivo",1,"Debiti","instant",1,"TotaleDebiti",103
64,"False","credit","[]","DebitiEsigibiliOltreEsercizioSuccessivo","esigibili oltre l'esercizio successivo",2,"Debiti","instant",0,,104
65,"False","credit","[]","DifferenzaValoreCostiProduzione","Differenza tra valore e costi della produzione (A - B)",3,"ContoEconomico","duration",1,"RisultatoPrimaImposte",191
66,"True",,"['TotaleDisponibilitaLiquide']","DisponibilitaLiquide","IV - Disponibilità liquide",4,"AttivoCircolante","instant",0,,55
67,"True",,"['TotaleFondiRischiOneri']","FondiRischiOneri","B) Fondi per rischi e oneri",2,"Passivo","instant",0,,99
68,"True",,"['ImmobilizzazioniImmateriali', 'ImmobilizzazioniMateriali', 'ImmobilizzazioniFinanziarie', 'TotaleImmobilizzazioni']","Immobilizzazioni","B) Immobilizzazioni",2,"Attivo","instant",0,,27
69,"True",,"['ImmobilizzazioniFinanziarieCrediti', 'ImmobilizzazioniFinanziarieAltreImmobilizzazioniFinanziarie', 'TotaleImmobilizzazioniFinanziarie']","ImmobilizzazioniFinanziarie","III - Immobilizzazioni finanziarie",3,"Immobilizzazioni","instant",0,,38
70,"False","debit","[]","ImmobilizzazioniFinanziarieAltreImmobilizzazioniFinanziarie","Altre immobilizzazioni finanziarie",2,"ImmobilizzazioniFinanziarie","instant",1,"TotaleImmobilizzazioniFinanziarie",43
71,"True",,"['ImmobilizzazioniFinanziarieCreditiEsigibiliEntroEsercizioSuccessivo', 'ImmobilizzazioniFinanziarieCreditiEsigibiliOltreEsercizioSuccessivo', 'ImmobilizzazioniFinanziarieCreditiTotaleCrediti']","ImmobilizzazioniFinanziarieCrediti","2) crediti",1,"ImmobilizzazioniFinanziarie","instant",0,,39
72,"False","debit","[]","ImmobilizzazioniFinanziarieCreditiEsigibiliEntroEsercizioSuccessivo","esigibili entro l'esercizio successivo",1,"ImmobilizzazioniFinanziarieCrediti","instant",1,"ImmobilizzazioniFinanziarieCreditiTotaleCrediti",40
73,"False","debit","[]","ImmobilizzazioniFinanziarieCreditiEsigibiliOltreEsercizioSuccessivo","esigibili oltre l'esercizio successivo",2,"ImmobilizzazioniFinanziarieCrediti","instant",1,"ImmobilizzazioniFinanziarieCreditiTotaleCrediti",41
74,"False","debit","[]","ImmobilizzazioniFinanziarieCreditiTotaleCrediti","Totale crediti",3,"ImmobilizzazioniFinanziarieCrediti","instant",1,"TotaleImmobilizzazioniFinanziarie",42
75,"True",,"['ImmobilizzazioniImmaterialiValoreLordo', 'ImmobilizzazioniImmaterialiAmmortamenti', 'ImmobilizzazioniImmaterialiSvalutazioni', 'TotaleImmobilizzazioniImmateriali']","ImmobilizzazioniImmateriali","I - Immobilizzazioni immateriali",1,"Immobilizzazioni","instant",0,,28
76,"False","credit","[]","ImmobilizzazioniImmaterialiAmmortamenti","Ammortamenti",2,"ImmobilizzazioniImmateriali","instant",-1,"TotaleImmobilizzazioniImmateriali",30
77,"False","credit","[]","ImmobilizzazioniImmaterialiSvalutazioni","Svalutazioni",3,"ImmobilizzazioniImmateriali","instant",-1,"TotaleImmobilizzazioniImmateriali",31
78,"False","debit","[]","ImmobilizzazioniImmaterialiValoreLordo","Valore lordo",1,"ImmobilizzazioniImmateriali","instant",1,"TotaleImmobilizzazioniImmateriali",29
79,"True",,"['ImmobilizzazioniMaterialiValoreLordo', 'ImmobilizzazioniMaterialiAmmortamenti', 'ImmobilizzazioniMaterialiSvalutazioni', 'TotaleImmobilizzazioniMateriali']","ImmobilizzazioniMateriali","II - Immobilizzazioni materiali",2,"Immobilizzazioni","instant",0,,33
80,"False","credit","[]","ImmobilizzazioniMaterialiAmmortamenti","Ammortamenti",2,"ImmobilizzazioniMateriali","instant",-1,"TotaleImmobilizzazioniMateriali",35
81,"False","credit","[]","ImmobilizzazioniMaterialiSvalutazioni","Svalutazioni",3,"ImmobilizzazioniMateriali","instant",-1,"TotaleImmobilizzazioniMateriali",36
82,"False","debit","[]","ImmobilizzazioniMaterialiValoreLordo","Valore lordo",1,"ImmobilizzazioniMateriali","instant",1,"TotaleImmobilizzazioniMateriali",34
83,"True",,"['TotaleImpegniAssuntiImpresa']","ImpegniAssuntiImpresa","Impegni assunti dall'impresa",2,"ContiOrdine","instant",0,,144
84,"True",,"['ImposteRedditoEsercizioCorrentiDifferiteAnticipateImposteCorrenti', 'ImposteRedditoEsercizioCorrentiDifferiteAnticipateImposteDifferite', 'ImposteRedditoEsercizioCorrentiDifferiteAnticipateImposteAnticipate', 'ImposteRedditoEsercizioCorrentiDifferiteAnticipateProventiOneriAdesioneRegimeConsolidatoFiscaleTrasparenzaFiscale', 'ImposteRedditoEsercizioCorrentiDifferiteAnticipateTotaleImposteRedditoEsercizioCorrentiDifferiteAnticipate']","ImposteRedditoEsercizioCorrentiDifferiteAnticipate","22) Imposte sul reddito dell'esercizio, correnti, differite e anticipate",8,"ContoEconomico","duration",0,,249
85,"False","credit","[]","ImposteRedditoEsercizioCorrentiDifferiteAnticipateImposteAnticipate","imposte anticipate",3,"ImposteRedditoEsercizioCorrentiDifferiteAnticipate","duration",-1,"ImposteRedditoEsercizioCorrentiDifferiteAnticipateTotaleImposteRedditoEsercizioCorrentiDifferiteAnticipate",252
86,"False","debit","[]","ImposteRedditoEsercizioCorrentiDifferiteAnticipateImposteCorrenti","imposte correnti",1,"ImposteRedditoEsercizioCorrentiDifferiteAnticipate","duration",1,"ImposteRedditoEsercizioCorrentiDifferiteAnticipateTotaleImposteRedditoEsercizioCorrentiDifferiteAnticipate",250
87,"False","debit","[]","ImposteRedditoEsercizioCorrentiDifferiteAnticipateImposteDifferite","imposte differite",2,"ImposteRedditoEsercizioCorrentiDifferiteAnticipate","duration",1,"ImposteRedditoEsercizioCorrentiDifferiteAnticipateTotaleImposteRedditoEsercizioCorrentiDifferiteAnticipate",251
88,"False","credit","[]","ImposteRedditoEsercizioCorrentiDifferiteAnticipateProventiOneriAdesioneRegimeConsolidatoFiscaleTrasparenzaFiscale","proventi (oneri) da adesione al regime di consolidato fiscale / trasparenza fiscale",4,"ImposteRedditoEsercizioCorrentiDifferiteAnticipate","duration",-1,"ImposteRedditoEsercizioCorrentiDifferiteAnticipateTotaleImposteRedditoEsercizioCorrentiDifferiteAnticipate",253
89,"False","debit","[]","ImposteRedditoEsercizioCorrentiDifferiteAnticipateTotaleImposteRedditoEsercizioCorrentiDifferiteAnticipate","Totale delle imposte sul reddito dell'esercizio, correnti, differite e anticipate",5,"ImposteRedditoEsercizioCorrentiDifferiteAnticipate","duration",-1,"UtilePerditaEsercizio",254
90,"True",,"['DatiAnagrafici']","InformazioniGeneraliImpresa","Informazioni generali sull'impresa",0,,"instant",0,,1
91,"True",,"['PatrimonioNetto', 'FondiRischiOneri', 'TrattamentoFineRapportoLavoroSubordinato', 'Debiti', 'PassivoRateiRisconti', 'TotalePassivo']","Passivo","Passivo",2,"StatoPatrimoniale","instant",0,,61
92,"True",,"['PassivoRateiRiscontiTotaleRateiRisconti']","PassivoRateiRisconti","E) Ratei e risconti",5,"Passivo","instant",0,,106
93,"False","credit","[]","PassivoRateiRiscontiTotaleRateiRisconti","Totale ratei e risconti",1,"PassivoRateiRisconti","instant",1,"TotalePassivo",107
94,"True",,"['PatrimonioNettoCapitale', 'TotalePatrimonioNetto', 'PatrimonioNettoRiservaSoprapprezzoAzioni', 'PatrimonioNettoRiserveRivalutazione', 'PatrimonioNettoRiservaLegale', 'PatrimonioNettoRiserveStatutarie', 'PatrimonioNettoRiservaAzioniPropriePortafoglio', 'PatrimonioNettoAltreRiserveDistintamenteIndicate', 'PatrimonioNettoUtiliPerditePortatiNuovo', 'PatrimonioNettoUtilePerditaEsercizio']","PatrimonioNetto","A) Patrimonio netto",1,"Passivo","instant",0,,62
95,"True",,"['PatrimonioNettoAltreRiserveDistintamenteIndicateRiservaStraordinariaFacoltativa', 'PatrimonioNettoAltreRiserveDistintamenteIndicateVersamentiContoCapitale', 'PatrimonioNettoAltreRiserveDistintamenteIndicateVersamentiCoperturaPerdite', 'PatrimonioNettoAltreRiserveDistintamenteIndicateRiservaRiduzioneCapitaleSociale', 'PatrimonioNettoAltreRiserveDistintamenteIndicateRiservaAvanzoFusione', 'PatrimonioNettoAltreRiserveDistintamenteIndicateRiservaUtiliCambi', 'PatrimonioNettoAltreRiserveDistintamenteIndicateDifferenzaArrotondamentoUnitaEuro', 'PatrimonioNettoAltreRiserveDistintamenteIndicateRiserveCondonoFiscale', 'PatrimonioNettoAltreRiserveDistintamenteIndicateVarieAltreRiserve', 'PatrimonioNettoAltreRiserveDistintamenteIndicateTotaleAltreRiserve', 'PatrimonioNettoAltreRiserveDistintamenteIndicateRiservaRinnovamentoImpiantiMacchinari', 'PatrimonioNettoAltreRiserveDistintamenteIndicateRiservaAmmortamentoAnticipato', 'PatrimonioNettoAltreRiserveDistintamenteIndicateRiservaAcquistoAzioniProprie', 'PatrimonioNettoAltreRiserveDistintamenteIndicateRiservaDerogheExArt2423CodCiv', 'PatrimonioNettoAltreRiserveDistintamenteIndicateRiservaAzioniQuoteSocietaControllante', 'PatrimonioNettoAltreRiserveDistintamenteIndicateRiservaNonDistribuibileRivalutazionePartecipazioni', 'PatrimonioNettoAltreRiserveDistintamenteIndicateVersamentiContoAumentoCapitale', 'PatrimonioNettoAltreRiserveDistintamenteIndicateVersamentiContoFuturoAumentoCapitale']","PatrimonioNettoAltreRiserveDistintamenteIndicate","VII - Altre riserve, distintamente indicate",7,"PatrimonioNetto","instant",0,,70
96,"False","credit","[]","PatrimonioNettoAltreRiserveDistintamenteIndicateDifferenzaArrotondamentoUnitaEuro","Differenza da arrotondamento all'unità di Euro",15,"PatrimonioNettoAltreRiserveDistintamenteIndicate","instant",1,"PatrimonioNettoAltreRiserveDistintamenteIndicateTotaleAltreRiserve",77
97,"False","credit","[]","PatrimonioNettoAltreRiserveDistintamenteIndicateRiservaAcquistoAzioniProprie","Riserva per acquisto azioni proprie",4,"PatrimonioNettoAltreRiserveDistintamenteIndicate","instant",1,"PatrimonioNettoAltreRiserveDistintamenteIndicateTotaleAltreRiserve",88
98,"False","credit","[]","PatrimonioNettoAltreRiserveDistintamenteIndicateRiservaAmmortamentoAnticipato","Riserva ammortamento anticipato",3,"PatrimonioNettoAltreRiserveDistintamenteIndicate","instant",1,"PatrimonioNettoAltreRiserveDistintamenteIndicateTotaleAltreRiserve",87
99,"False","credit","[]","PatrimonioNettoAltreRiserveDistintamenteIndicateRiservaAvanzoFusione","Riserva avanzo di fusione",13,"PatrimonioNettoAltreRiserveDistintamenteIndicate","instant",1,"PatrimonioNettoAltreRiserveDistintamenteIndicateTotaleAltreRiserve",75
100,"False","credit","[]","PatrimonioNettoAltreRiserveDistintamenteIndicateRiservaAzioniQuoteSocietaControllante","Riserva azioni (quote) della società controllante",6,"PatrimonioNettoAltreRiserveDistintamenteIndicate","instant",1,"PatrimonioNettoAltreRiserveDistintamenteIndicateTotaleAltreRiserve",90
101,"False","credit","[]","PatrimonioNettoAltreRiserveDistintamenteIndicateRiservaDerogheExArt2423CodCiv","Riserva da deroghe ex art. 2423 Cod. Civ",5,"PatrimonioNettoAltreRiserveDistintamenteIndicate","instant",1,"PatrimonioNettoAltreRiserveDistintamenteIndicateTotaleAltreRiserve",89
102,"False","credit","[]","PatrimonioNettoAltreRiserveDistintamenteIndicateRiservaNonDistribuibileRivalutazionePartecipazioni","Riserva non distribuibile da rivalutazione delle partecipazioni",7,"PatrimonioNettoAltreRiserveDistintamenteIndicate","instant",1,"PatrimonioNettoAltreRiserveDistintamenteIndicateTotaleAltreRiserve",91
103,"False","credit","[]","PatrimonioNettoAltreRiserveDistintamenteIndicateRiservaRiduzioneCapitaleSociale","Riserva da riduzione capitale sociale",12,"PatrimonioNettoAltreRiserveDistintamenteIndicate","instant",1,"PatrimonioNettoAltreRiserveDistintamenteIndicateTotaleAltreRiserve",74
104,"False","credit","[]","PatrimonioNettoAltreRiserveDistintamenteIndicateRiservaRinnovamentoImpiantiMacchinari","Riserva per rinnovamento impianti e macchinari",2,"PatrimonioNettoAltreRiserveDistintamenteIndicate","instant",1,"PatrimonioNettoAltreRiserveDistintamenteIndicateTotaleAltreRiserve",86
105,"False","credit","[]","PatrimonioNettoAltreRiserveDistintamenteIndicateRiservaStraordinariaFacoltativa","Riserva straordinaria o facoltativa",1,"PatrimonioNettoAltreRiserveDistintamenteIndicate","instant",1,"PatrimonioNettoAltreRiserveDistintamenteIndicateTotaleAltreRiserve",71
106,"False","credit","[]","PatrimonioNettoAltreRiserveDistintamenteIndicateRiservaUtiliCambi","Riserva per utili su cambi",14,"PatrimonioNettoAltreRiserveDistintamenteIndicate","instant",1,"PatrimonioNettoAltreRiserveDistintamenteIndicateTotaleAltreRiserve",76
107,"True",,"['PatrimonioNettoAltreRiserveDistintamenteIndicateRiserveCondonoFiscaleRiservaCondonoExL19Dicembre1973N823', 'PatrimonioNettoAltreRiserveDistintamenteIndicateRiserveCondonoFiscaleRiservaCondonoExL7Agosto1982N516', 'PatrimonioNettoAltreRiserveDistintamenteIndicateRiserveCondonoFiscaleRiservaCondonoExL30Dicembre1991N413', 'PatrimonioNettoAltreRiserveDistintamenteIndicateRiserveCondonoFiscaleRiservaCondonoExL27Dicembre2002N289', 'PatrimonioNettoAltreRiserveDistintamenteIndicateRiserveCondonoFiscaleTotaleRiserveCondonoFiscale']","PatrimonioNettoAltreRiserveDistintamenteIndicateRiserveCondonoFiscale","Riserve da condono fiscale:",16,"PatrimonioNettoAltreRiserveDistintamenteIndicate","instant",0,,78
108,"False","credit","[]","PatrimonioNettoAltreRiserveDistintamenteIndicateRiserveCondonoFiscaleRiservaCondonoExL19Dicembre1973N823","Riserva da condono ex L. 19 dicembre 1973, n. 823;",1,"PatrimonioNettoAltreRiserveDistintamenteIndicateRiserveCondonoFiscale","instant",1,"PatrimonioNettoAltreRiserveDistintamenteIndicateRiserveCondonoFiscaleTotaleRiserveCondonoFiscale",79
109,"False","credit","[]","PatrimonioNettoAltreRiserveDistintamenteIndicateRiserveCondonoFiscaleRiservaCondonoExL27Dicembre2002N289","Riserva da condono ex L. 27 dicembre 2002, n. 289.",4,"PatrimonioNettoAltreRiserveDistintamenteIndicateRiserveCondonoFiscale","instant",1,"PatrimonioNettoAltreRiserveDistintamenteIndicateRiserveCondonoFiscaleTotaleRiserveCondonoFiscale",82
110,"False","credit","[]","PatrimonioNettoAltreRiserveDistintamenteIndicateRiserveCondonoFiscaleRiservaCondonoExL30Dicembre1991N413","Riserva da condono ex L. 30 dicembre 1991, n. 413;",3,"PatrimonioNettoAltreRiserveDistintamenteIndicateRiserveCondonoFiscale","instant",1,"PatrimonioNettoAltreRiserveDistintamenteIndicateRiserveCondonoFiscaleTotaleRiserveCondonoFiscale",81
111,"False","credit","[]","PatrimonioNettoAltreRiserveDistintamenteIndicateRiserveCondonoFiscaleRiservaCondonoExL7Agosto1982N516","Riserva da condono ex L. 7 agosto 1982, n. 516;",2,"PatrimonioNettoAltreRiserveDistintamenteIndicateRiserveCondonoFiscale","instant",1,"PatrimonioNettoAltreRiserveDistintamenteIndicateRiserveCondonoFiscaleTotaleRiserveCondonoFiscale",80
112,"False","credit","[]","PatrimonioNettoAltreRiserveDistintamenteIndicateRiserveCondonoFiscaleTotaleRiserveCondonoFiscale","Totale riserve da condono fiscale",5,"PatrimonioNettoAltreRiserveDistintamenteIndicateRiserveCondonoFiscale","instant",1,"PatrimonioNettoAltreRiserveDistintamenteIndicateTotaleAltreRiserve",83
113,"False","credit","[]","PatrimonioNettoAltreRiserveDistintamenteIndicateTotaleAltreRiserve","Totale altre riserve",18,"PatrimonioNettoAltreRiserveDistintamenteIndicate","instant",1,"TotalePatrimonioNetto",85
114,"False","credit","[]","PatrimonioNettoAltreRiserveDistintamenteIndicateVarieAltreRiserve","Varie altre riserve",17,"PatrimonioNettoAltreRiserveDistintamenteIndicate","instant",1,"PatrimonioNettoAltreRiserveDistintamenteIndicateTotaleAltreRiserve",84
115,"False","credit","[]","PatrimonioNettoAltreRiserveDistintamenteIndicateVersamentiContoAumentoCapitale","Versamenti in conto aumento di capitale",8,"PatrimonioNettoAltreRiserveDistintamenteIndicate","instant",1,"PatrimonioNettoAltreRiserveDistintamenteIndicateTotaleAltreRiserve",92
116,"False","credit","[]","PatrimonioNettoAltreRiserveDistintamenteIndicateVersamentiContoCapitale","Versamenti in conto capitale",10,"PatrimonioNettoAltreRiserveDistintamenteIndicate","instant",1,"PatrimonioNettoAltreRiserveDistintamenteIndicateTotaleAltreRiserve",72
117,"False","credit","[]","PatrimonioNettoAltreRiserveDistintamenteIndicateVersamentiContoFuturoAumentoCapitale","Versamenti in conto futuro aumento di capitale",9,"PatrimonioNettoAltreRiserveDistintamenteIndicate","instant",1,"PatrimonioNettoAltreRiserveDistintamenteIndicateTotaleAltreRiserve",93
118,"False","credit","[]","PatrimonioNettoAltreRiserveDistintamenteIndicateVersamentiCoperturaPerdite","Versamenti a copertura perdite",11,"PatrimonioNettoAltreRiserveDistintamenteIndicate","instant",1,"PatrimonioNettoAltreRiserveDistintamenteIndicateTotaleAltreRiserve",73
119,"False","credit","[]","PatrimonioNettoCapitale","I - Capitale",1,"PatrimonioNetto","instant",1,"TotalePatrimonioNetto",63
120,"False","credit","[]","PatrimonioNettoRiservaAzioniPropriePortafoglio","VI - Riserva per azioni proprie in portafoglio",6,"PatrimonioNetto","instant",1,"TotalePatrimonioNetto",69
121,"False","credit","[]","PatrimonioNettoRiservaLegale","IV - Riserva legale",4,"PatrimonioNetto","instant",1,"TotalePatrimonioNetto",67
122,"False","credit","[]","PatrimonioNettoRiservaSoprapprezzoAzioni","II - Riserva da soprapprezzo delle azioni",2,"PatrimonioNetto","instant",1,"TotalePatrimonioNetto",65
123,"False","credit","[]","PatrimonioNettoRiserveRivalutazione","III - Riserve di rivalutazione",3,"PatrimonioNetto","instant",1,"TotalePatrimonioNetto",66
124,"False","credit","[]","PatrimonioNettoRiserveStatutarie","V - Riserve statutarie",5,"PatrimonioNetto","instant",1,"TotalePatrimonioNetto",68
125,"True",,"['PatrimonioNettoUtilePerditaEsercizioUtilePerditaEsercizio', 'PatrimonioNettoUtilePerditaEsercizioCoperturaParzialePerditaEsercizio', 'PatrimonioNettoUtilePerditaEsercizioUtilePerditaResidua']","PatrimonioNettoUtilePerditaEsercizio","IX - Utile (perdita) dell'esercizio",9,"PatrimonioNetto","instant",0,,95
126,"False","credit","[]","PatrimonioNettoUtilePerditaEsercizioCoperturaParzialePerditaEsercizio","Copertura parziale perdita d'esercizio",2,"PatrimonioNettoUtilePerditaEsercizio","instant",1,"PatrimonioNettoUtilePerditaEsercizioUtilePerditaResidua",97
127,"False","credit","[]","PatrimonioNettoUtilePerditaEsercizioUtilePerditaEsercizio","Utile (perdita) dell'esercizio.",1,"PatrimonioNettoUtilePerditaEsercizio","instant",1,"PatrimonioNettoUtilePerditaEsercizioUtilePerditaResidua",96
128,"False","credit","[]","PatrimonioNettoUtilePerditaEsercizioUtilePerditaResidua","Utile (perdita) residua",3,"PatrimonioNettoUtilePerditaEsercizio","instant",1,"TotalePatrimonioNetto",98
129,"False","credit","[]","PatrimonioNettoUtiliPerditePortatiNuovo","VIII - Utili (perdite) portati a nuovo",8,"PatrimonioNetto","instant",1,"TotalePatrimonioNetto",94
130,"True",,"['ProventiOneriFinanziariProventiPartecipazioni', 'ProventiOneriFinanziariAltriProventiFinanziari', 'ProventiOneriFinanziariInteressiAltriOneriFinanziari', 'ProventiOneriFinanziariUtiliPerditeCambi', 'TotaleProventiOneriFinanziari']","ProventiOneriFinanziari","C) Proventi e oneri finanziari:",4,"ContoEconomico","duration",0,,192
131,"True",,"['ProventiOneriFinanziariAltriProventiFinanziariCreditiIscrittiImmobilizzazioni', 'ProventiOneriFinanziariAltriProventiFinanziariTitoliIscrittiImmobilizzazioniNonCostituisconoPartecipazioniTitoliIscrittiAttivoCircolanteNonCostituisconoPartecipazioni', 'ProventiOneriFinanziariAltriProventiFinanziariProventiDiversiPrecedenti', 'ProventiOneriFinanziariAltriProventiFinanziariTotaleAltriProventiFinanziari']","ProventiOneriFinanziariAltriProventiFinanziari","16) altri proventi finanziari:",2,"ProventiOneriFinanziari","duration",0,,198
132,"True",,"['ProventiOneriFinanziariAltriProventiFinanziariCreditiIscrittiImmobilizzazioniImpreseControllate', 'ProventiOneriFinanziariAltriProventiFinanziariCreditiIscrittiImmobilizzazioniImpreseCollegate', 'ProventiOneriFinanziariAltriProventiFinanziariCreditiIscrittiImmobilizzazioniImpreseControllanti', 'ProventiOneriFinanziariAltriProventiFinanziariCreditiIscrittiImmobilizzazioniAltri', 'ProventiOneriFinanziariAltriProventiFinanziariCreditiIscrittiImmobilizzazioniTotaleProventiFinanziariCreditiIscrittiImmobilizzazioni']","ProventiOneriFinanziariAltriProventiFinanziariCreditiIscrittiImmobilizzazioni","a) da crediti iscritti nelle immobilizzazioni",1,"ProventiOneriFinanziariAltriProventiFinanziari","duration",0,,199
133,"False","credit","[]","ProventiOneriFinanziariAltriProventiFinanziariCreditiIscrittiImmobilizzazioniAltri","altri",4,"ProventiOneriFinanziariAltriProventiFinanziariCreditiIscrittiImmobilizzazioni","duration",1,"ProventiOneriFinanziariAltriProventiFinanziariCreditiIscrittiImmobilizzazioniTotaleProventiFinanziariCreditiIscrittiImmobilizzazioni",203
134,"False","credit","[]","ProventiOneriFinanziariAltriProventiFinanziariCreditiIscrittiImmobilizzazioniImpreseCollegate","da imprese collegate",2,"ProventiOneriFinanziariAltriProventiFinanziariCreditiIscrittiImmobilizzazioni","duration",1,"ProventiOneriFinanziariAltriProventiFinanziariCreditiIscrittiImmobilizzazioniTotaleProventiFinanziariCreditiIscrittiImmobilizzazioni",201
135,"False","credit","[]","ProventiOneriFinanziariAltriProventiFinanziariCreditiIscrittiImmobilizzazioniImpreseControllanti","da imprese controllanti",3,"ProventiOneriFinanziariAltriProventiFinanziariCreditiIscrittiImmobilizzazioni","duration",1,"ProventiOneriFinanziariAltriProventiFinanziariCreditiIscrittiImmobilizzazioniTotaleProventiFinanziariCreditiIscrittiImmobilizzazioni",202
136,"False","credit","[]","ProventiOneriFinanziariAltriProventiFinanziariCreditiIscrittiImmobilizzazioniImpreseControllate","da imprese controllate",1,"ProventiOneriFinanziariAltriProventiFinanziariCreditiIscrittiImmobilizzazioni","duration",1,"ProventiOneriFinanziariAltriProventiFinanziariCreditiIscrittiImmobilizzazioniTotaleProventiFinanziariCreditiIscrittiImmobilizzazioni",200
137,"False","credit","[]","ProventiOneriFinanziariAltriProventiFinanziariCreditiIscrittiImmobilizzazioniTotaleProventiFinanziariCreditiIscrittiImmobilizzazioni","Totale proventi finanziari da crediti iscritti nelle immobilizzazioni",5,"ProventiOneriFinanziariAltriProventiFinanziariCreditiIscrittiImmobilizzazioni","duration",1,"ProventiOneriFinanziariAltriProventiFinanziariTotaleAltriProventiFinanziari",204
138,"True",,"['ProventiOneriFinanziariAltriProventiFinanziariProventiDiversiPrecedentiImpreseControllate', 'ProventiOneriFinanziariAltriProventiFinanziariProventiDiversiPrecedentiImpreseCollegate', 'ProventiOneriFinanziariAltriProventiFinanziariProventiDiversiPrecedentiImpreseControllanti', 'ProventiOneriFinanziariAltriProventiFinanziariProventiDiversiPrecedentiAltri', 'ProventiOneriFinanziariAltriProventiFinanziariProventiDiversiPrecedentiTotaleProventiDiversiPrecedenti']","ProventiOneriFinanziariAltriProventiFinanziariProventiDiversiPrecedenti","d) proventi diversi dai precedenti",3,"ProventiOneriFinanziariAltriProventiFinanziari","duration",0,,208
139,"False","credit","[]","ProventiOneriFinanziariAltriProventiFinanziariProventiDiversiPrecedentiAltri","altri",4,"ProventiOneriFinanziariAltriProventiFinanziariProventiDiversiPrecedenti","duration",1,"ProventiOneriFinanziariAltriProventiFinanziariProventiDiversiPrecedentiTotaleProventiDiversiPrecedenti",212
140,"False","credit","[]","ProventiOneriFinanziariAltriProventiFinanziariProventiDiversiPrecedentiImpreseCollegate","da imprese collegate",2,"ProventiOneriFinanziariAltriProventiFinanziariProventiDiversiPrecedenti","duration",1,"ProventiOneriFinanziariAltriProventiFinanziariProventiDiversiPrecedentiTotaleProventiDiversiPrecedenti",210
141,"False","credit","[]","ProventiOneriFinanziariAltriProventiFinanziariProventiDiversiPrecedentiImpreseControllanti","da imprese controllanti",3,"ProventiOneriFinanziariAltriProventiFinanziariProventiDiversiPrecedenti","duration",1,"ProventiOneriFinanziariAltriProventiFinanziariProventiDiversiPrecedentiTotaleProventiDiversiPrecedenti",211
142,"False","credit","[]","ProventiOneriFinanziariAltriProventiFinanziariProventiDiversiPrecedentiImpreseControllate","da imprese controllate",1,"ProventiOneriFinanziariAltriProventiFinanziariProventiDiversiPrecedenti","duration",1,"ProventiOneriFinanziariAltriProventiFinanziariProventiDiversiPrecedentiTotaleProventiDiversiPrecedenti",209
143,"False","credit","[]","ProventiOneriFinanziariAltriProventiFinanziariProventiDiversiPrecedentiTotaleProventiDiversiPrecedenti","Totale proventi diversi dai precedenti",5,"ProventiOneriFinanziariAltriProventiFinanziariProventiDiversiPrecedenti","duration",1,"ProventiOneriFinanziariAltriProventiFinanziariTotaleAltriProventiFinanziari",213
144,"False","credit","[]","ProventiOneriFinanziariAltriProventiFinanziariTitoliIscrittiAttivoCircolanteNonCostituisconoPartecipazioni","c) da titoli iscritti nell'attivo circolante che non costituiscono partecipazioni",2,"ProventiOneriFinanziariAltriProventiFinanziariTitoliIscrittiImmobilizzazioniNonCostituisconoPartecipazioniTitoliIscrittiAttivoCircolanteNonCostituisconoPartecipazioni","duration",1,"ProventiOneriFinanziariAltriProventiFinanziariTitoliIscrittiImmobilizzazioniNonCostituisconoPartecipazioniTitoliIscrittiAttivoCircolanteNonCostituisconoPartecipazioni",207
145,"False","credit","[]","ProventiOneriFinanziariAltriProventiFinanziariTitoliIscrittiImmobilizzazioniNonCostituisconoPartecipazioni","b) da titoli iscritti nelle immobilizzazioni che non costituiscono partecipazioni",1,"ProventiOneriFinanziariAltriProventiFinanziariTitoliIscrittiImmobilizzazioniNonCostituisconoPartecipazioniTitoliIscrittiAttivoCircolanteNonCostituisconoPartecipazioni","duration",1,"ProventiOneriFinanziariAltriProventiFinanziariTitoliIscrittiImmobilizzazioniNonCostituisconoPartecipazioniTitoliIscrittiAttivoCircolanteNonCostituisconoPartecipazioni",206
146,"False","credit","['ProventiOneriFinanziariAltriProventiFinanziariTitoliIscrittiImmobilizzazioniNonCostituisconoPartecipazioni', 'ProventiOneriFinanziariAltriProventiFinanziariTitoliIscrittiAttivoCircolanteNonCostituisconoPartecipazioni']","ProventiOneriFinanziariAltriProventiFinanziariTitoliIscrittiImmobilizzazioniNonCostituisconoPartecipazioniTitoliIscrittiAttivoCircolanteNonCostituisconoPartecipazioni","b), c) da titoli iscritti nelle immobilizzazioni che non costituiscono partecipazioni e da titoli iscritti nell'attivo circolante che non costituiscono partecipazioni",2,"ProventiOneriFinanziariAltriProventiFinanziari","duration",1,"ProventiOneriFinanziariAltriProventiFinanziariTotaleAltriProventiFinanziari",205
147,"False","credit","[]","ProventiOneriFinanziariAltriProventiFinanziariTotaleAltriProventiFinanziari","Totale altri proventi finanziari",4,"ProventiOneriFinanziariAltriProventiFinanziari","duration",1,"TotaleProventiOneriFinanziari",214
148,"True",,"['ProventiOneriFinanziariInteressiAltriOneriFinanziariImpreseControllate', 'ProventiOneriFinanziariInteressiAltriOneriFinanziariImpreseCollegate', 'ProventiOneriFinanziariInteressiAltriOneriFinanziariImpreseControllanti', 'ProventiOneriFinanziariInteressiAltriOneriFinanziariAltri', 'ProventiOneriFinanziariInteressiAltriOneriFinanziariTotaleInteressiAltriOneriFinanziari']","ProventiOneriFinanziariInteressiAltriOneriFinanziari","17) interessi e altri oneri finanziari",3,"ProventiOneriFinanziari","duration",0,,215
149,"False","debit","[]","ProventiOneriFinanziariInteressiAltriOneriFinanziariAltri","altri",4,"ProventiOneriFinanziariInteressiAltriOneriFinanziari","duration",1,"ProventiOneriFinanziariInteressiAltriOneriFinanziariTotaleInteressiAltriOneriFinanziari",219
150,"False","debit","[]","ProventiOneriFinanziariInteressiAltriOneriFinanziariImpreseCollegate","a imprese collegate",2,"ProventiOneriFinanziariInteressiAltriOneriFinanziari","duration",1,"ProventiOneriFinanziariInteressiAltriOneriFinanziariTotaleInteressiAltriOneriFinanziari",217
151,"False","debit","[]","ProventiOneriFinanziariInteressiAltriOneriFinanziariImpreseControllanti","a imprese controllanti",3,"ProventiOneriFinanziariInteressiAltriOneriFinanziari","duration",1,"ProventiOneriFinanziariInteressiAltriOneriFinanziariTotaleInteressiAltriOneriFinanziari",218
152,"False","debit","[]","ProventiOneriFinanziariInteressiAltriOneriFinanziariImpreseControllate","a imprese controllate",1,"ProventiOneriFinanziariInteressiAltriOneriFinanziari","duration",1,"ProventiOneriFinanziariInteressiAltriOneriFinanziariTotaleInteressiAltriOneriFinanziari",216
153,"False","debit","[]","ProventiOneriFinanziariInteressiAltriOneriFinanziariTotaleInteressiAltriOneriFinanziari","Totale interessi e altri oneri finanziari",5,"ProventiOneriFinanziariInteressiAltriOneriFinanziari","duration",-1,"TotaleProventiOneriFinanziari",220
154,"True",,"['ProventiOneriFinanziariProventiPartecipazioniImpreseControllate', 'ProventiOneriFinanziariProventiPartecipazioniImpreseCollegate', 'ProventiOneriFinanziariProventiPartecipazioniAltri', 'ProventiOneriFinanziariProventiPartecipazioniTotaleProventiPartecipazioni']","ProventiOneriFinanziariProventiPartecipazioni","15) proventi da partecipazioni",1,"ProventiOneriFinanziari","duration",0,,193
155,"False","credit","[]","ProventiOneriFinanziariProventiPartecipazioniAltri","altri",3,"ProventiOneriFinanziariProventiPartecipazioni","duration",1,"ProventiOneriFinanziariProventiPartecipazioniTotaleProventiPartecipazioni",196
156,"False","credit","[]","ProventiOneriFinanziariProventiPartecipazioniImpreseCollegate","da imprese collegate",2,"ProventiOneriFinanziariProventiPartecipazioni","duration",1,"ProventiOneriFinanziariProventiPartecipazioniTotaleProventiPartecipazioni",195
157,"False","credit","[]","ProventiOneriFinanziariProventiPartecipazioniImpreseControllate","da imprese controllate",1,"ProventiOneriFinanziariProventiPartecipazioni","duration",1,"ProventiOneriFinanziariProventiPartecipazioniTotaleProventiPartecipazioni",194
158,"False","credit","[]","ProventiOneriFinanziariProventiPartecipazioniTotaleProventiPartecipazioni","Totale proventi da partecipazioni",4,"ProventiOneriFinanziariProventiPartecipazioni","duration",1,"TotaleProventiOneriFinanziari",197
159,"False","credit","[]","ProventiOneriFinanziariUtiliPerditeCambi","17-bis) utili e perdite su cambi",4,"ProventiOneriFinanziari","duration",1,"TotaleProventiOneriFinanziari",221
160,"True",,"['ProventiOneriStraordinariProventi', 'ProventiOneriStraordinariOneri', 'TotalePartiteStraordinarie']","ProventiOneriStraordinari","E) Proventi e oneri straordinari:",6,"ContoEconomico","duration",0,,235
161,"True",,"['ProventiOneriStraordinariOneriMinusvalenzeAlienazioniCuiEffettiContabiliNonSonoIscrivibiliN14', 'ProventiOneriStraordinariOneriImposteRelativeEserciziPrecedenti', 'ProventiOneriStraordinariOneriDifferenzaArrotondamentoUnitaEuro', 'ProventiOneriStraordinariOneriAltri', 'ProventiOneriStraordinariOneriTotaleOneri']","ProventiOneriStraordinariOneri","21) oneri",2,"ProventiOneriStraordinari","duration",0,,241
162,"False","debit","[]","ProventiOneriStraordinariOneriAltri","altri",4,"ProventiOneriStraordinariOneri","duration",1,"ProventiOneriStraordinariOneriTotaleOneri",245
163,"False","debit","[]","ProventiOneriStraordinariOneriDifferenzaArrotondamentoUnitaEuro","Differenza da arrotondamento all'unità di Euro",3,"ProventiOneriStraordinariOneri","duration",1,"ProventiOneriStraordinariOneriTotaleOneri",244
164,"False","debit","[]","ProventiOneriStraordinariOneriImposteRelativeEserciziPrecedenti","imposte relative ad esercizi precedenti",2,"ProventiOneriStraordinariOneri","duration",1,"ProventiOneriStraordinariOneriTotaleOneri",243
165,"False","debit","[]","ProventiOneriStraordinariOneriMinusvalenzeAlienazioniCuiEffettiContabiliNonSonoIscrivibiliN14","minusvalenze da alienazioni i cui effetti contabili non sono iscrivibili al n 14",1,"ProventiOneriStraordinariOneri","duration",1,"ProventiOneriStraordinariOneriTotaleOneri",242
166,"False","debit","[]","ProventiOneriStraordinariOneriTotaleOneri","Totale oneri",5,"ProventiOneriStraordinariOneri","duration",-1,"TotalePartiteStraordinarie",246
167,"True",,"['ProventiOneriStraordinariProventiPlusvalenzeAlienazioniCuiRicaviNonSonoIscrivibiliN5', 'ProventiOneriStraordinariProventiDifferenzaArrotondamentoUnitaEuro', 'ProventiOneriStraordinariProventiAltri', 'ProventiOneriStraordinariProventiTotaleProventi']","ProventiOneriStraordinariProventi","20) proventi",1,"ProventiOneriStraordinari","duration",0,,236
168,"False","credit","[]","ProventiOneriStraordinariProventiAltri","altri",3,"ProventiOneriStraordinariProventi","duration",1,"ProventiOneriStraordinariProventiTotaleProventi",239
169,"False","credit","[]","ProventiOneriStraordinariProventiDifferenzaArrotondamentoUnitaEuro","Differenza da arrotondamento all'unità di Euro",2,"ProventiOneriStraordinariProventi","duration",1,"ProventiOneriStraordinariProventiTotaleProventi",238
170,"False","credit","[]","ProventiOneriStraordinariProventiPlusvalenzeAlienazioniCuiRicaviNonSonoIscrivibiliN5","plusvalenze da alienazioni i cui ricavi non sono iscrivibili al n 5",1,"ProventiOneriStraordinariProventi","duration",1,"ProventiOneriStraordinariProventiTotaleProventi",237
171,"False","credit","[]","ProventiOneriStraordinariProventiTotaleProventi","Totale proventi",4,"ProventiOneriStraordinariProventi","duration",1,"TotalePartiteStraordinarie",240
172,"True",,"['RettificheValoreAttivitaFinanziarieRivalutazioni', 'RettificheValoreAttivitaFinanziarieSvalutazioni', 'TotaleRettificheValoreAttivitaFinanziarie']","RettificheValoreAttivitaFinanziarie","D) Rettifiche di valore di attività finanziarie:",5,"ContoEconomico","duration",0,,223
173,"True",,"['RettificheValoreAttivitaFinanziarieRivalutazioniPartecipazioni', 'RettificheValoreAttivitaFinanziarieRivalutazioniImmobilizzazioniFinanziarieNonCostituisconoPartecipazioni', 'RettificheValoreAttivitaFinanziarieRivalutazioniTitoliIscrittiAttivoCircolanteNonCostituisconoPartecipazioni', 'RettificheValoreAttivitaFinanziarieRivalutazioniTotaleRivalutazioni']","RettificheValoreAttivitaFinanziarieRivalutazioni","18) rivalutazioni:",1,"RettificheValoreAttivitaFinanziarie","duration",0,,224
174,"False","credit","[]","RettificheValoreAttivitaFinanziarieRivalutazioniImmobilizzazioniFinanziarieNonCostituisconoPartecipazioni","b) di immobilizzazioni finanziarie che non costituiscono partecipazioni",2,"RettificheValoreAttivitaFinanziarieRivalutazioni","duration",1,"RettificheValoreAttivitaFinanziarieRivalutazioniTotaleRivalutazioni",226
175,"False","credit","[]","RettificheValoreAttivitaFinanziarieRivalutazioniPartecipazioni","a) di partecipazioni",1,"RettificheValoreAttivitaFinanziarieRivalutazioni","duration",1,"RettificheValoreAttivitaFinanziarieRivalutazioniTotaleRivalutazioni",225
176,"False","credit","[]","RettificheValoreAttivitaFinanziarieRivalutazioniTitoliIscrittiAttivoCircolanteNonCostituisconoPartecipazioni","c) di titoli iscritti all'attivo circolante che non costituiscono partecipazioni",3,"RettificheValoreAttivitaFinanziarieRivalutazioni","duration",1,"RettificheValoreAttivitaFinanziarieRivalutazioniTotaleRivalutazioni",227
177,"False","credit","[]","RettificheValoreAttivitaFinanziarieRivalutazioniTotaleRivalutazioni","Totale rivalutazioni",4,"RettificheValoreAttivitaFinanziarieRivalutazioni","duration",1,"TotaleRettificheValoreAttivitaFinanziarie",228
178,"True",,"['RettificheValoreAttivitaFinanziarieSvalutazioniPartecipazioni', 'RettificheValoreAttivitaFinanziarieSvalutazioniImmobilizzazioniFinanziarieNonCostituisconoPartecipazioni', 'RettificheValoreAttivitaFinanziarieSvalutazioniTitoliIscrittiAttivoCircolanteNonCostituisconoPartecipazioni', 'RettificheValoreAttivitaFinanziarieSvalutazioniTotaleSvalutazioni']","RettificheValoreAttivitaFinanziarieSvalutazioni","19) svalutazioni:",2,"RettificheValoreAttivitaFinanziarie","duration",0,,229
179,"False","debit","[]","RettificheValoreAttivitaFinanziarieSvalutazioniImmobilizzazioniFinanziarieNonCostituisconoPartecipazioni","b) di immobilizzazioni finanziarie che non costituiscono partecipazioni",2,"RettificheValoreAttivitaFinanziarieSvalutazioni","duration",1,"RettificheValoreAttivitaFinanziarieSvalutazioniTotaleSvalutazioni",231
180,"False","debit","[]","RettificheValoreAttivitaFinanziarieSvalutazioniPartecipazioni","a) di partecipazioni",1,"RettificheValoreAttivitaFinanziarieSvalutazioni","duration",1,"RettificheValoreAttivitaFinanziarieSvalutazioniTotaleSvalutazioni",230
181,"False","debit","[]","RettificheValoreAttivitaFinanziarieSvalutazioniTitoliIscrittiAttivoCircolanteNonCostituisconoPartecipazioni","c) di titoli iscritti nell'attivo circolante che non costituiscono partecipazioni",3,"RettificheValoreAttivitaFinanziarieSvalutazioni","duration",1,"RettificheValoreAttivitaFinanziarieSvalutazioniTotaleSvalutazioni",232
182,"False","debit","[]","RettificheValoreAttivitaFinanziarieSvalutazioniTotaleSvalutazioni","Totale svalutazioni",4,"RettificheValoreAttivitaFinanziarieSvalutazioni","duration",-1,"TotaleRettificheValoreAttivitaFinanziarie",233
183,"True",,"['TotaleRimanenze']","Rimanenze","I - Rimanenze",1,"AttivoCircolante","instant",0,,47
184,"True",,"['RischiAssuntiImpresaFideiussioni', 'RischiAssuntiImpresaAvalli', 'RischiAssuntiImpresaAltreGaranziePersonali', 'RischiAssuntiImpresaGaranzieReali', 'RischiAssuntiImpresaAltriRischi', 'TotaleRischiAssuntiImpresa']","RischiAssuntiImpresa","Rischi assunti dall'impresa",1,"ContiOrdine","instant",0,,110
185,"True",,"['RischiAssuntiImpresaAltreGaranziePersonaliImpreseControllate', 'RischiAssuntiImpresaAltreGaranziePersonaliImpreseCollegate', 'RischiAssuntiImpresaAltreGaranziePersonaliImpreseControllanti', 'RischiAssuntiImpresaAltreGaranziePersonaliImpreseControllateControllanti', 'RischiAssuntiImpresaAltreGaranziePersonaliAltreImprese', 'RischiAssuntiImpresaAltreGaranziePersonaliTotaleAltreGaranziePersonali']","RischiAssuntiImpresaAltreGaranziePersonali","Altre garanzie personali",3,"RischiAssuntiImpresa","instant",0,,125
186,"False",,"[]","RischiAssuntiImpresaAltreGaranziePersonaliAltreImprese","ad altre imprese",5,"RischiAssuntiImpresaAltreGaranziePersonali","instant",1,"RischiAssuntiImpresaAltreGaranziePersonaliTotaleAltreGaranziePersonali",130
187,"False",,"[]","RischiAssuntiImpresaAltreGaranziePersonaliImpreseCollegate","a imprese collegate",2,"RischiAssuntiImpresaAltreGaranziePersonali","instant",1,"RischiAssuntiImpresaAltreGaranziePersonaliTotaleAltreGaranziePersonali",127
188,"False",,"[]","RischiAssuntiImpresaAltreGaranziePersonaliImpreseControllanti","a imprese controllanti",3,"RischiAssuntiImpresaAltreGaranziePersonali","instant",1,"RischiAssuntiImpresaAltreGaranziePersonaliTotaleAltreGaranziePersonali",128
189,"False",,"[]","RischiAssuntiImpresaAltreGaranziePersonaliImpreseControllate","a imprese controllate",1,"RischiAssuntiImpresaAltreGaranziePersonali","instant",1,"RischiAssuntiImpresaAltreGaranziePersonaliTotaleAltreGaranziePersonali",126
190,"False",,"[]","RischiAssuntiImpresaAltreGaranziePersonaliImpreseControllateControllanti","a imprese controllate da controllanti",4,"RischiAssuntiImpresaAltreGaranziePersonali","instant",1,"RischiAssuntiImpresaAltreGaranziePersonaliTotaleAltreGaranziePersonali",129
191,"False",,"[]","RischiAssuntiImpresaAltreGaranziePersonaliTotaleAltreGaranziePersonali","Totale altre garanzie personali",6,"RischiAssuntiImpresaAltreGaranziePersonali","instant",1,"TotaleRischiAssuntiImpresa",131
192,"True",,"['RischiAssuntiImpresaAltriRischiCreditiCedutiProSolvendo', 'RischiAssuntiImpresaAltriRischiAltri', 'RischiAssuntiImpresaAltriRischiTotaleAltriRischi']","RischiAssuntiImpresaAltriRischi","Altri rischi",5,"RischiAssuntiImpresa","instant",0,,139
193,"False",,"[]","RischiAssuntiImpresaAltriRischiAltri","altri",2,"RischiAssuntiImpresaAltriRischi","instant",1,"RischiAssuntiImpresaAltriRischiTotaleAltriRischi",141
194,"False",,"[]","RischiAssuntiImpresaAltriRischiCreditiCedutiProSolvendo","crediti ceduti pro solvendo",1,"RischiAssuntiImpresaAltriRischi","instant",1,"RischiAssuntiImpresaAltriRischiTotaleAltriRischi",140
195,"False",,"[]","RischiAssuntiImpresaAltriRischiTotaleAltriRischi","Totale altri rischi",3,"RischiAssuntiImpresaAltriRischi","instant",1,"TotaleRischiAssuntiImpresa",142
196,"True",,"['RischiAssuntiImpresaAvalliImpreseControllate', 'RischiAssuntiImpresaAvalliImpreseCollegate', 'RischiAssuntiImpresaAvalliImpreseControllanti', 'RischiAssuntiImpresaAvalliImpreseControllateControllanti', 'RischiAssuntiImpresaAvalliAltreImprese', 'RischiAssuntiImpresaAvalliTotaleAvalli']","RischiAssuntiImpresaAvalli","Avalli",2,"RischiAssuntiImpresa","instant",0,,118
197,"False",,"[]","RischiAssuntiImpresaAvalliAltreImprese","ad altre imprese",5,"RischiAssuntiImpresaAvalli","instant",1,"RischiAssuntiImpresaAvalliTotaleAvalli",123
198,"False",,"[]","RischiAssuntiImpresaAvalliImpreseCollegate","a imprese collegate",2,"RischiAssuntiImpresaAvalli","instant",1,"RischiAssuntiImpresaAvalliTotaleAvalli",120
199,"False",,"[]","RischiAssuntiImpresaAvalliImpreseControllanti","a imprese controllanti",3,"RischiAssuntiImpresaAvalli","instant",1,"RischiAssuntiImpresaAvalliTotaleAvalli",121
200,"False",,"[]","RischiAssuntiImpresaAvalliImpreseControllate","a imprese controllate",1,"RischiAssuntiImpresaAvalli","instant",1,"RischiAssuntiImpresaAvalliTotaleAvalli",119
201,"False",,"[]","RischiAssuntiImpresaAvalliImpreseControllateControllanti","a imprese controllate da controllanti",4,"RischiAssuntiImpresaAvalli","instant",1,"RischiAssuntiImpresaAvalliTotaleAvalli",122
202,"False",,"[]","RischiAssuntiImpresaAvalliTotaleAvalli","Totale avalli",6,"RischiAssuntiImpresaAvalli","instant",1,"TotaleRischiAssuntiImpresa",124
203,"True",,"['RischiAssuntiImpresaFideiussioniImpreseControllate', 'RischiAssuntiImpresaFideiussioniImpreseCollegate', 'RischiAssuntiImpresaFideiussioniImpreseControllanti', 'RischiAssuntiImpresaFideiussioniImpreseControllateControllanti', 'RischiAssuntiImpresaFideiussioniAltreImprese', 'RischiAssuntiImpresaFideiussioniTotaleFideiussioni']","RischiAssuntiImpresaFideiussioni","Fideiussioni",1,"RischiAssuntiImpresa","instant",0,,111
204,"False",,"[]","RischiAssuntiImpresaFideiussioniAltreImprese","ad altre imprese",5,"RischiAssuntiImpresaFideiussioni","instant",1,"RischiAssuntiImpresaFideiussioniTotaleFideiussioni",116
205,"False",,"[]","RischiAssuntiImpresaFideiussioniImpreseCollegate","a imprese collegate",2,"RischiAssuntiImpresaFideiussioni","instant",1,"RischiAssuntiImpresaFideiussioniTotaleFideiussioni",113
206,"False",,"[]","RischiAssuntiImpresaFideiussioniImpreseControllanti","a imprese controllanti",3,"RischiAssuntiImpresaFideiussioni","instant",1,"RischiAssuntiImpresaFideiussioniTotaleFideiussioni",114
207,"False",,"[]","RischiAssuntiImpresaFideiussioniImpreseControllate","a imprese controllate",1,"RischiAssuntiImpresaFideiussioni","instant",1,"RischiAssuntiImpresaFideiussioniTotaleFideiussioni",112
208,"False",,"[]","RischiAssuntiImpresaFideiussioniImpreseControllateControllanti","a imprese controllate da controllanti",4,"RischiAssuntiImpresaFideiussioni","instant",1,"RischiAssuntiImpresaFideiussioniTotaleFideiussioni",115
209,"False",,"[]","RischiAssuntiImpresaFideiussioniTotaleFideiussioni","Totale fideiussioni",6,"RischiAssuntiImpresaFideiussioni","instant",1,"TotaleRischiAssuntiImpresa",117
210,"True",,"['RischiAssuntiImpresaGaranzieRealiImpreseControllate', 'RischiAssuntiImpresaGaranzieRealiImpreseCollegate', 'RischiAssuntiImpresaGaranzieRealiImpreseControllanti', 'RischiAssuntiImpresaGaranzieRealiImpreseControllateControllanti', 'RischiAssuntiImpresaGaranzieRealiAltreImprese', 'RischiAssuntiImpresaGaranzieRealiTotaleGaranzieReali']","RischiAssuntiImpresaGaranzieReali","Garanzie reali",4,"RischiAssuntiImpresa","instant",0,,132
211,"False",,"[]","RischiAssuntiImpresaGaranzieRealiAltreImprese","ad altre imprese",5,"RischiAssuntiImpresaGaranzieReali","instant",1,"RischiAssuntiImpresaGaranzieRealiTotaleGaranzieReali",137
212,"False",,"[]","RischiAssuntiImpresaGaranzieRealiImpreseCollegate","a imprese collegate",2,"RischiAssuntiImpresaGaranzieReali","instant",1,"RischiAssuntiImpresaGaranzieRealiTotaleGaranzieReali",134
213,"False",,"[]","RischiAssuntiImpresaGaranzieRealiImpreseControllanti","a imprese controllanti",3,"RischiAssuntiImpresaGaranzieReali","instant",1,"RischiAssuntiImpresaGaranzieRealiTotaleGaranzieReali",135
214,"False",,"[]","RischiAssuntiImpresaGaranzieRealiImpreseControllate","a imprese controllate",1,"RischiAssuntiImpresaGaranzieReali","instant",1,"RischiAssuntiImpresaGaranzieRealiTotaleGaranzieReali",133
215,"False",,"[]","RischiAssuntiImpresaGaranzieRealiImpreseControllateControllanti","a imprese controllate da controllanti",4,"RischiAssuntiImpresaGaranzieReali","instant",1,"RischiAssuntiImpresaGaranzieRealiTotaleGaranzieReali",136
216,"False",,"[]","RischiAssuntiImpresaGaranzieRealiTotaleGaranzieReali","Totale garanzie reali",6,"RischiAssuntiImpresaGaranzieReali","instant",1,"TotaleRischiAssuntiImpresa",138
217,"False","credit","[]","RisultatoPrimaImposte","Risultato prima delle imposte (A - B + - C + - D + - E)",7,"ContoEconomico","duration",1,"UtilePerditaEsercizio",248
218,"True",,"['Attivo', 'Passivo']","StatoPatrimoniale","Stato patrimoniale",0,,"instant",0,,21
219,"False",,"[]","TotaleAltriContiOrdine","Totale altri conti d'ordine",1,"AltriContiOrdine","instant",1,"TotaleContiOrdine",153
220,"False","debit","[]","TotaleAttivitaFinanziarieNonCostituisconoImmobilizzazioni","Totale attività finanziarie che non costituiscono immobilizzazioni",1,"AttivitaFinanziarieNonCostituisconoImmobilizzazioni","instant",1,"TotaleAttivoCircolante",54
221,"False","debit","[]","TotaleAttivo","Totale attivo",5,"Attivo","instant",0,,60
222,"False","debit","[]","TotaleAttivoCircolante","Totale attivo circolante (C)",5,"AttivoCircolante","instant",1,"TotaleAttivo",57
223,"False",,"[]","TotaleBeniTerziPressoImpresa","Totale beni di terzi presso l'impresa",5,"BeniTerziPressoImpresa","instant",1,"TotaleContiOrdine",151
224,"False",,"[]","TotaleContiOrdine","Totale conti d'ordine",5,"ContiOrdine","instant",0,,154
225,"False","debit","[]","TotaleCostiProduzione","Totale costi della produzione",10,"CostiProduzione","duration",-1,"DifferenzaValoreCostiProduzione",169
226,"False","debit","[]","TotaleCrediti","Totale crediti",3,"Crediti","instant",1,"TotaleAttivoCircolante",52
227,"False","debit","[]","TotaleCreditiVersoSociVersamentiAncoraDovuti","Totale crediti verso soci per versamenti ancora dovuti (A)",3,"CreditiVersoSociVersamentiAncoraDovuti","instant",1,"TotaleAttivo",26
228,"False","credit","[]","TotaleDebiti","Totale debiti",3,"Debiti","instant",1,"TotalePassivo",105
229,"False","debit","[]","TotaleDisponibilitaLiquide","Totale disponibilità liquide",1,"DisponibilitaLiquide","instant",1,"TotaleAttivoCircolante",56
230,"False","credit","[]","TotaleFondiRischiOneri","Totale fondi per rischi ed oneri",1,"FondiRischiOneri","instant",1,"TotalePassivo",100
231,"False","debit","[]","TotaleImmobilizzazioni","Totale immobilizzazioni (B)",4,"Immobilizzazioni","instant",1,"TotaleAttivo",45
232,"False","debit","[]","TotaleImmobilizzazioniFinanziarie","Totale immobilizzazioni finanziarie",3,"ImmobilizzazioniFinanziarie","instant",1,"TotaleImmobilizzazioni",44
233,"False","debit","[]","TotaleImmobilizzazioniImmateriali","Totale immobilizzazioni immateriali",4,"ImmobilizzazioniImmateriali","instant",1,"TotaleImmobilizzazioni",32
234,"False","debit","[]","TotaleImmobilizzazioniMateriali","Totale immobilizzazioni materiali",4,"ImmobilizzazioniMateriali","instant",1,"TotaleImmobilizzazioni",37
235,"False",,"[]","TotaleImpegniAssuntiImpresa","Totale impegni assunti dall'impresa",1,"ImpegniAssuntiImpresa","instant",1,"TotaleContiOrdine",145
236,"False","credit","[]","TotalePartiteStraordinarie","Totale delle partite straordinarie (20 - 21)",3,"ProventiOneriStraordinari","duration",1,"RisultatoPrimaImposte",247
237,"False","credit","[]","TotalePassivo","Totale passivo",6,"Passivo","instant",0,,108
238,"False","credit","[]","TotalePatrimonioNetto","Totale patrimonio netto",10,"PatrimonioNetto","instant",1,"TotalePassivo",64
239,"False","credit","[]","TotaleProventiOneriFinanziari","Totale proventi e oneri finanziari (15 + 16 - 17 + - 17-bis)",5,"ProventiOneriFinanziari","duration",1,"RisultatoPrimaImposte",222
240,"False","credit","[]","TotaleRettificheValoreAttivitaFinanziarie","Totale delle rettifiche di valore di attività finanziarie (18 - 19)",3,"RettificheValoreAttivitaFinanziarie","duration",1,"RisultatoPrimaImposte",234
241,"False","debit","[]","TotaleRimanenze","Totale rimanenze",1,"Rimanenze","instant",1,"TotaleAttivoCircolante",48
242,"False",,"[]","TotaleRischiAssuntiImpresa","Totale rischi assunti dall'impresa",6,"RischiAssuntiImpresa","instant",1,"TotaleContiOrdine",143
243,"False","credit","[]","TotaleValoreProduzione","Totale valore della produzione",5,"ValoreProduzione","duration",1,"DifferenzaValoreCostiProduzione",166
244,"False","credit","[]","TrattamentoFineRapportoLavoroSubordinato","C) Trattamento di fine rapporto di lavoro subordinato",3,"Passivo","instant",1,"TotalePassivo",101
245,"False","credit","[]","UtilePerditaEsercizio","23) Utile (perdita) dell'esercizio",9,"ContoEconomico","duration",0,,255
246,"True",,"['ValoreProduzioneRicaviVenditePrestazioni', 'ValoreProduzioneVariazioniRimanenzeProdottiCorsoLavorazioneSemilavoratiFinitiLavoriCorsoOrdinazione', 'ValoreProduzioneIncrementiImmobilizzazioniLavoriInterni', 'ValoreProduzioneAltriRicaviProventi', 'TotaleValoreProduzione']","ValoreProduzione","A) Valore della produzione:",1,"ContoEconomico","duration",0,,156
247,"True",,"['ValoreProduzioneAltriRicaviProventiContributiContoEsercizio', 'ValoreProduzioneAltriRicaviProventiAltri', 'ValoreProduzioneAltriRicaviProventiTotaleAltriRicaviProventi']","ValoreProduzioneAltriRicaviProventi","5) altri ricavi e proventi",4,"ValoreProduzione","duration",0,,162
248,"False","credit","[]","ValoreProduzioneAltriRicaviProventiAltri","altri",2,"ValoreProduzioneAltriRicaviProventi","duration",1,"ValoreProduzioneAltriRicaviProventiTotaleAltriRicaviProventi",164
249,"False","credit","[]","ValoreProduzioneAltriRicaviProventiContributiContoEsercizio","contributi in conto esercizio",1,"ValoreProduzioneAltriRicaviProventi","duration",1,"ValoreProduzioneAltriRicaviProventiTotaleAltriRicaviProventi",163
250,"False","credit","[]","ValoreProduzioneAltriRicaviProventiTotaleAltriRicaviProventi","Totale altri ricavi e proventi",3,"ValoreProduzioneAltriRicaviProventi","duration",1,"TotaleValoreProduzione",165
251,"False","credit","[]","ValoreProduzioneIncrementiImmobilizzazioniLavoriInterni","4) incrementi di immobilizzazioni per lavori interni",3,"ValoreProduzione","duration",1,"TotaleValoreProduzione",161
252,"False","credit","[]","ValoreProduzioneRicaviVenditePrestazioni","1) ricavi delle vendite e delle prestazioni",1,"ValoreProduzione","duration",1,"TotaleValoreProduzione",157
253,"False","credit","[]","ValoreProduzioneVariazioniLavoriCorsoOrdinazione","3) variazioni dei lavori in corso su ordinazione",2,"ValoreProduzioneVariazioniRimanenzeProdottiCorsoLavorazioneSemilavoratiFinitiLavoriCorsoOrdinazione","duration",1,"ValoreProduzioneVariazioniRimanenzeProdottiCorsoLavorazioneSemilavoratiFinitiLavoriCorsoOrdinazione",160
254,"False","credit","[]","ValoreProduzioneVariazioniRimanenzeProdottiCorsoLavorazioneSemilavoratiFiniti","2) variazioni delle rimanenze di prodotti in corso di lavorazione, semilavorati e finiti",1,"ValoreProduzioneVariazioniRimanenzeProdottiCorsoLavorazioneSemilavoratiFinitiLavoriCorsoOrdinazione","duration",1,"ValoreProduzioneVariazioniRimanenzeProdottiCorsoLavorazioneSemilavoratiFinitiLavoriCorsoOrdinazione",159
255,"False","credit","['ValoreProduzioneVariazioniRimanenzeProdottiCorsoLavorazioneSemilavoratiFiniti', 'ValoreProduzioneVariazioniLavoriCorsoOrdinazione']","ValoreProduzioneVariazioniRimanenzeProdottiCorsoLavorazioneSemilavoratiFinitiLavoriCorsoOrdinazione","2), 3) variazioni delle rimanenze di prodotti in corso di lavorazione, semilavorati e finiti e dei lavori in corso su ordinazione",2,"ValoreProduzione","duration",1,"TotaleValoreProduzione",158
